ticker,q_code,name
AAA,YAHOO/TSX_AAA_TO,Allana Potash Corp 
AAB,YAHOO/TSX_AAB_TO,Aberdeen International Inc. 
AAH,YAHOO/TSX_AAH_TO,Aastra Technologis 
AAR,YAHOO/TSX_AAR_UN_TO,Pure Industrial Real Estate Trust
AAV,YAHOO/TSX_AAV_TO,Advantage Oil & Gas Ltd. 
ABC,YAHOO/TSX_ABC_TO,Asia Biochem Group Corp 
ABH,YAHOO/TSX_ABH_TO,Abitibibowater Inc 
ABK,YAHOO/TSX_ABK_A_TO,Allbanc Split Corp Class A Capital Shs 
ABO,YAHOO/TSX_ABO_A_TO,Arbor Memorial A 
ABO,YAHOO/TSX_ABO_B_TO,Arbor Memorial Services Inc. Cl B. Nv 
ABT,YAHOO/TSX_ABT_TO,Absolute Software Corp. 
ABX,YAHOO/TSX_ABX_TO,Barrick Gold Corporation 
AC,YAHOO/TSX_AC_A_TO,Air Canada Cl.A 
AC,YAHOO/TSX_AC_B_TO,Air Canada Cl.B 
AC,YAHOO/TSX_AC_WT_TO,Air Canada Wts 
ACC,YAHOO/TSX_ACC_TO,Amica Mature 
ACD,YAHOO/TSX_ACD_TO,Accord Financial 
ACM,YAHOO/TSX_ACM_A_TO,Astral Media Inc. Cl A. Nv 
ACM,YAHOO/TSX_ACM_B_TO,Astral Media Inc. Cl B. Sv 
ACO,YAHOO/TSX_ACO_X_TO,Atco Ltd. Cl.I Nv 
ACO,YAHOO/TSX_ACO_Y_TO,Atco Ltd Cl II 
ACQ,YAHOO/TSX_ACQ_TO,Autocanada Inc 
ACR,YAHOO/TSX_ACR_UN_TO,Agellan Commercial REIT
ACZ,YAHOO/TSX_ACZ_UN_TO,American Core Sectors Dividend
AD,YAHOO/TSX_AD_TO,Alaris Royalty Corp. 
ADA,YAHOO/TSX_ADA_TO,Acadian Mining Corporation 
ADN,YAHOO/TSX_ADN_TO,Acadian Timber Corp 
ADV,YAHOO/TSX_ADV_TO,Alderon Iron Ore Corp 
ADW,YAHOO/TSX_ADW_A_TO,Andrew Peller Limited Cl.A 
AEF,YAHOO/TSX_AEF_TO,Aurora Oil And Gas Ltd 
AEI,YAHOO/TSX_AEI_TO,Arsenal Energy Inc. 
AEM,YAHOO/TSX_AEM_TO,Agnico-Eagle Mines Ltd. 
AEN,YAHOO/TSX_AEN_TO,Antrim Energy J 
AET,YAHOO/TSX_AET_UN_TO,Arc Energy Trust 
AEU,YAHOO/TSX_AEU_UN_TO,Activenergy Income Fund 
AEZ,YAHOO/TSX_AEZ_TO,Aeterna Zentaris Inc. 
AF,YAHOO/TSX_AF_TO,Alarmforce J 
AFN,YAHOO/TSX_AFN_TO,Ag Growth International Inc. 
AGF,YAHOO/TSX_AGF_B_TO,Agf Management Ltd. Cl.B Nv 
AGI,YAHOO/TSX_AGI_TO,Alamos Gold Inc. 
AGT,YAHOO/TSX_AGT_TO,Alliance Grain Traders Inc 
AGU,YAHOO/TSX_AGU_TO,Agrium Inc 
AHF,YAHOO/TSX_AHF_TO,Aston Hill Financial Inc 
AHX,YAHOO/TSX_AHX_TO,Adherex Technologi Com Npv 
AI,YAHOO/TSX_AI_TO,Atrium Mortgage Investment Corp.
AIF,YAHOO/TSX_AIF_TO,Altus Group Limited 
AIM,YAHOO/TSX_AIM_TO,Groupe Aeroplan Inc 
AJX,YAHOO/TSX_AJX_TO,AgJunction
AKG,YAHOO/TSX_AKG_TO,Asanko  GOld Inc.
AKL,YAHOO/TSX_AKL_TO,Akela Pharma Inc 
AKT,YAHOO/TSX_AKT_A_TO,Akita Drilling Ltd. Cl.A Nv 
ALA,YAHOO/TSX_ALA_TO,Altagas Ltd. 
ALB,YAHOO/TSX_ALB_TO,Allbanc Split Banc Corp II 
ALC,YAHOO/TSX_ALC_TO,Algoma Central 
ALD,YAHOO/TSX_ALD_TO,Allied Gold Mining Plc 
ALS,YAHOO/TSX_ALS_TO,Altius Minerals Corporation 
AM,YAHOO/TSX_AM_TO,Automodular Corporation 
AMC,YAHOO/TSX_AMC_TO,Alexis Minerals Corporation 
AMF,YAHOO/TSX_AMF_TO,Amorfix Life Science Ltd. 
AMM,YAHOO/TSX_AMM_TO,Almaden Minerals Ltd. 
ANS,YAHOO/TSX_ANS_TO,Ainsworth Lumber Co. 
ANS,YAHOO/TSX_ANS_WT_TO,Ainsworth Lumber Co. Wts 
ANV,YAHOO/TSX_ANV_TO,Allied Nevada Gold Corp. 
ANX,YAHOO/TSX_ANX_TO,Anaconda Mining Inc. 
AOI,YAHOO/TSX_AOI_TO,Africa Oil Corp.
APS,YAHOO/TSX_APS_TO,Aptose Biosciences Inc.
APY,YAHOO/TSX_APY_TO,Anglo Pacific Group Plc 
AQA,YAHOO/TSX_AQA_TO,Aquila Resources Inc. 
AQN,YAHOO/TSX_AQN_TO,Algonquin Power And Utilities Corp. 
AR,YAHOO/TSX_AR_TO,Argonaut Gold Inc. 
ARE,YAHOO/TSX_ARE_TO,Aecon Group Inc 
ARF,YAHOO/TSX_ARF_TO,Armtec Infrastructure Inc. 
ARG,YAHOO/TSX_ARG_TO,Amerigo Resources Ltd. 
ARL,YAHOO/TSX_ARL_TO,Africo Resources Ltd 
ARX,YAHOO/TSX_ARX_TO,Arc Resources Ltd. 
ARZ,YAHOO/TSX_ARZ_TO,Aurizon Mines J 
ASD,YAHOO/TSX_ASD_TO,Horizons Australian Dollar Currency ETF 
ASR,YAHOO/TSX_ASR_TO,Alacer Gold Corp 
ATA,YAHOO/TSX_ATA_TO,Ats Automation 
ATB,YAHOO/TSX_ATB_TO,Atrium Innovations Inc. 
ATD,YAHOO/TSX_ATD_A_TO,Alimentation Couche-Tard Inc 
ATD,YAHOO/TSX_ATD_B_TO,Alimentation Couche-Tard Inc. Cl B Sv 
ATH,YAHOO/TSX_ATH_TO,Athabasca Oil Sands Corp 
ATL,YAHOO/TSX_ATL_TO,Atlatsa Resources Corporation
ATN,YAHOO/TSX_ATN_TO,Atna Res J 
ATP,YAHOO/TSX_ATP_TO,Atlantic Power Corp. 
AUE,YAHOO/TSX_AUE_TO,Aureus Mining Inc 
AUM,YAHOO/TSX_AUM_TO,Golden Minerals Company 
AUP,YAHOO/TSX_AUP_TO,Aurinia Pharmaceuticals Inc.
AUQ,YAHOO/TSX_AUQ_TO,Aurico Gold Inc 
AV,YAHOO/TSX_AV_UN_TO,Aston Hill Adv Vip Income Fund 
AVF,YAHOO/TSX_AVF_TO,Avenex Energy Corp. 
AVK,YAHOO/TSX_AVK_TO,Avnel Gold Mining Ltd. 
AVL,YAHOO/TSX_AVL_TO,Avalon Rare Metals Inc. 
AVO,YAHOO/TSX_AVO_TO,Avigilon Corporation 
AVP,YAHOO/TSX_AVP_TO,Avcorp Industries Inc 
AVR,YAHOO/TSX_AVR_TO,Avion Gold Corporation 
AW,YAHOO/TSX_AW_UN_TO,A&W Revenue Royalties Income Fund 
AX,YAHOO/TSX_AX_UN_TO,Artis Real Estate Investment Trust Units 
AXF,YAHOO/TSX_AXF_TO,First Asset Dex All Cda Bond In 
AXL,YAHOO/TSX_AXL_TO,Anderson Energy Ltd. 
AXR,YAHOO/TSX_AXR_TO,Alexco Resource Corp. 
AXX,YAHOO/TSX_AXX_TO,Axia Netmedia J 
AXY,YAHOO/TSX_AXY_TO,Alterra Power Corp 
AYA,YAHOO/TSX_AYA_TO,Amaya Gaming Group Inc.
AZ,YAHOO/TSX_AZ_TO,Armistice Resources Corp. 
AZC,YAHOO/TSX_AZC_TO,Augusta Resource Corporation 
AZR,YAHOO/TSX_AZR_TO,Azumah Resources Limited 
AZZ,YAHOO/TSX_AZZ_TO,Azarga Uranium Corp.
BA,YAHOO/TSX_BA_TO,Bell Aliant Inc 
BAA,YAHOO/TSX_BAA_TO,Banro Corp. 
BAD,YAHOO/TSX_BAD_TO,Badger Daylighting Ltd. 
BAJ,YAHOO/TSX_BAJ_TO,Baja Mining Corp. 
BAM,YAHOO/TSX_BAM_A_TO,Brookfield Asset Management Inc. Cl.A Lv 
BAN,YAHOO/TSX_BAN_TO,Bannerman Resources Limited 
BAR,YAHOO/TSX_BAR_TO,Balmoral Resources Ltd.
BAU,YAHOO/TSX_BAU_TO,Bauer Performance Sports Ltd 
BB,YAHOO/TSX_BB_TO,BlackBerry Ltd.
BBD,YAHOO/TSX_BBD_A_TO,Bombardier Inc. Cl. A Mv 
BBD,YAHOO/TSX_BBD_B_TO,Bombardier Inc. Cl. B Sv 
BBL,YAHOO/TSX_BBL_A_TO,Brampton Brick Ltd. Cl.A Sv 
BBO,YAHOO/TSX_BBO_TO,Big Bank Big Oil Split Corp. 
BCB,YAHOO/TSX_BCB_TO,Cott Corp 
BCE,YAHOO/TSX_BCE_TO,Bce Inc. 
BCI,YAHOO/TSX_BCI_TO,Benvest New Look Income Fd 
BDI,YAHOO/TSX_BDI_TO,Black Diamond Group Ltd 
BDT,YAHOO/TSX_BDT_TO,Bird Construction Inc. 
BEI,YAHOO/TSX_BEI_UN_TO,Boardwalk Real Estate Investment Trust 
BEK,YAHOO/TSX_BEK_B_TO,Becker Milk Co Ltd Cl B Nv Spec 
BEP,YAHOO/TSX_BEP_UN_TO,Brookfield Renewable Energy Partners Lp 
BEV,YAHOO/TSX_BEV_TO,Bennett Env J 
BEZ,YAHOO/TSX_BEZ_TO,Besra Gold Inc.
BGI,YAHOO/TSX_BGI_UN_TO,Brookfield Global Infrastructure Securities Income Fund
BHY,YAHOO/TSX_BHY_UN_TO,Brookfield High Yield Strategic Income Fund
BIG,YAHOO/TSX_BIG_A_TO,Big 8 Split Inc. 
BIN,YAHOO/TSX_BIN_TO,Progressive Waste Solutions Ltd 
BIP,YAHOO/TSX_BIP_UN_TO,Brookfield Infra Partners Lp Units 
BIR,YAHOO/TSX_BIR_TO,Birchcliff Energy Ltd. 
BK,YAHOO/TSX_BK_TO,Canadian Banc Recovery Corp. Cl. A 
BKI,YAHOO/TSX_BKI_TO,Black Iron Inc 
BKL,YAHOO/TSX_BKL_TO,Powershares Senior Loan CAD Hd 
BKP,YAHOO/TSX_BKP_TO,C.A. Bancorp Inc. 
BKX,YAHOO/TSX_BKX_TO,Bnk Petroleum Inc. 
BLD,YAHOO/TSX_BLD_TO,Ballard Power 
BLS,YAHOO/TSX_BLS_TO,Boliden Ab 
BLU,YAHOO/TSX_BLU_TO,Bellus Health Inc. 
BLX,YAHOO/TSX_BLX_TO,Boralex Inc. 
BMO,YAHOO/TSX_BMO_TO,Bank Of Montreal 
BNC,YAHOO/TSX_BNC_TO,Bioniche Life J 
BNE,YAHOO/TSX_BNE_TO,Bonterra Energy Corp 
BNG,YAHOO/TSX_BNG_TO,Bengal Energy Ltd. 
BNK,YAHOO/TSX_BNK_TO,Bankers Petroleum Ltd. 
BNP,YAHOO/TSX_BNP_TO,Bonavista Energy Corporation 
BNS,YAHOO/TSX_BNS_TO,Bank Of Nova Scotia 
BOS,YAHOO/TSX_BOS_TO,Airboss America J 
BOX,YAHOO/TSX_BOX_UN_TO,Brookfield Office Properties Cda 
BOY,YAHOO/TSX_BOY_TO,Boyuan Construction Group Inc. 
BPF,YAHOO/TSX_BPF_UN_TO,Boston Pizza Royalties Income Fund 
BPO,YAHOO/TSX_BPO_TO,Brookfield Office Properties Inc 
BPV,YAHOO/TSX_BPV_TO,Bridgeport Ventures Inc 
BPY,YAHOO/TSX_BPY_UN_TO,Brookfield Property Partners LP
BQE,YAHOO/TSX_BQE_TO,Bioteq Environmental Technologiesinc. 
BR,YAHOO/TSX_BR_TO,Big Rock Brewery Inc. 
BRB,YAHOO/TSX_BRB_TO,Brick Brewing J 
BRD,YAHOO/TSX_BRD_TO,Brigus Gold Corp 
BRE,YAHOO/TSX_BRE_TO,Brookfield Real Estate Services Inc. 
BRK,YAHOO/TSX_BRK_TO,The Brick Ltd. 
BRP,YAHOO/TSX_BRP_TO,Brookfield Residential Properties Inc 
BRY,YAHOO/TSX_BRY_TO,Bri Chem Corp 
BSC,YAHOO/TSX_BSC_TO,Bns Split Corp.Ii 
BSD,YAHOO/TSX_BSD_UN_TO,Brookfield Soundvest Split Trust
BSX,YAHOO/TSX_BSX_TO,Belo Sun Mining Corp. 
BT,YAHOO/TSX_BT_TO,Bonnetts Energy Corp 
BTB,YAHOO/TSX_BTB_UN_TO,Btb Real Estate Investment Trust Units 
BTE,YAHOO/TSX_BTE_TO,Baytex Energy Corp. 
BTO,YAHOO/TSX_BTO_TO,B2Gold Corp. 
BU,YAHOO/TSX_BU_TO,Burcon Nutrascience Corporation 
BUC,YAHOO/TSX_BUC_TO,Bucking Horse Energy Inc 
BUF,YAHOO/TSX_BUF_TO,Buffalo Coal Corp.
BUI,YAHOO/TSX_BUI_TO,Buhler Ind 
BX,YAHOO/TSX_BX_TO,Biox Corporation 
BXE,YAHOO/TSX_BXE_TO,Bellatrix Exploration Ltd 
BXI,YAHOO/TSX_BXI_TO,Bioexx Specialty Proteins Ltd. 
BYD,YAHOO/TSX_BYD_UN_TO,Boyd Group Income Fund 
BYL,YAHOO/TSX_BYL_TO,Baylin Technologies Inc.
BZA,YAHOO/TSX_BZA_TO,American Bonanza Gold Corp. 
CAB,YAHOO/TSX_CAB_A_TO,Claymore Adv Cdn Bond ETF Advisor 
CAB,YAHOO/TSX_CAB_TO,Claymore Adv Canadian Bond ETF 
CAE,YAHOO/TSX_CAE_TO,Cae Inc 
CAG,YAHOO/TSX_CAG_UN_TO,Coxe Global Agribusiness Income Fund
CAL,YAHOO/TSX_CAL_TO,Caledonia Mng 
CAM,YAHOO/TSX_CAM_TO,Canam Group Inc. 
CAR,YAHOO/TSX_CAR_UN_TO,Cdn Apartment Un 
CAS,YAHOO/TSX_CAS_TO,Cascades Inc 
CAX,YAHOO/TSX_CAX_TO,Candax Energy Inc. 
CAZ,YAHOO/TSX_CAZ_TO,Caza Oil 
CBB,YAHOO/TSX_CBB_UN_TO,Copernican British Banks Fund 
CBD,YAHOO/TSX_CBD_A_TO,Claymore Balanced Income Core ETF Adv 
CBD,YAHOO/TSX_CBD_TO,Claymore Balanced Income Core ETF 
CBF,YAHOO/TSX_CBF_TO,CanBanc 8 Income Corp.
CBH,YAHOO/TSX_CBH_A_TO,Claymore 1-10 Yr Ladder Corp Bond ETF A 
CBH,YAHOO/TSX_CBH_TO,Claymore 1-10 Yr Laddered Corp Bond ETF 
CBL,YAHOO/TSX_CBL_TO,Callidus Capital Corporation
CBN,YAHOO/TSX_CBN_A_TO,Claymore Balanced Growth Core ETF Adv 
CBN,YAHOO/TSX_CBN_TO,Claymore Balanced Growth Core ETF 
CBO,YAHOO/TSX_CBO_A_TO,Claymore 1-5Yr Ladder Corp. Bd ETF Cl A 
CBO,YAHOO/TSX_CBO_TO,Claymore 1-5Yr Laddered Corp. Bond ETF 
CBQ,YAHOO/TSX_CBQ_A_TO,Claymore BRIC ETF 
CBQ,YAHOO/TSX_CBQ_TO,Claymore BRIC ETF 
CBR,YAHOO/TSX_CBR_A_TO,Claymore Broad Commodity ETF Adv Cl 
CBR,YAHOO/TSX_CBR_TO,Claymore Broad Commodity ETF 
CBU,YAHOO/TSX_CBU_TO,First Asset Canbanc Cl. A 
CBW,YAHOO/TSX_CBW_TO,Copernican World Banks Split Inc. Cl.A 
CBY,YAHOO/TSX_CBY_TO,Canada Bread 
CCA,YAHOO/TSX_CCA_TO,Cogeco Cable Inc. Sv 
CCL,YAHOO/TSX_CCL_A_TO,Ccl Industries Inc 'A'Com Npv 
CCL,YAHOO/TSX_CCL_B_TO,Ccl Industries Inc. Cl. B Nv 
CCM,YAHOO/TSX_CCM_TO,Canarc Res J 
CCO,YAHOO/TSX_CCO_TO,Cameco Corp 
CCT,YAHOO/TSX_CCT_TO,Catamaran 
CCV,YAHOO/TSX_CCV_TO,CounterPath Corp.
CCZ,YAHOO/TSX_CCZ_TO,Criticalcontrol Solutions Corp. 
CDD,YAHOO/TSX_CDD_UN_TO,Core Canadian Dividend Trust 
CDG,YAHOO/TSX_CDG_TO,Candente Gold Corp 
CDH,YAHOO/TSX_CDH_TO,Corridor Resources Inc. 
CDI,YAHOO/TSX_CDI_TO,Canelson Drilling Inc 
CDL,YAHOO/TSX_CDL_A_TO,Corby Distill 
CDL,YAHOO/TSX_CDL_B_TO,Corby Distilleries Ltd. Cl B. Nv 
CDM,YAHOO/TSX_CDM_TO,Coeur D Alene Mines Corp. 
CDU,YAHOO/TSX_CDU_TO,Cardero Resource Corp. 
CDV,YAHOO/TSX_CDV_TO,Com Dev Intl 
CDW,YAHOO/TSX_CDW_UN_TO,Canadian Wireless Trust 
CDZ,YAHOO/TSX_CDZ_A_TO,Claymore Sp TSX Cdn Dividend ETF 
CDZ,YAHOO/TSX_CDZ_TO,Claymore Sp TSX Cdn Dividend ETF 
CEE,YAHOO/TSX_CEE_TO,Centamin Egypt Limited 
CEF,YAHOO/TSX_CEF_A_TO,Central Fund Of Canada Ltd. Cl.A Nv 
CEG,YAHOO/TSX_CEG_TO,Cerro Grande Mining Corporation 
CEK,YAHOO/TSX_CEK_TO,Caspian Energy Inc. 
CEN,YAHOO/TSX_CEN_TO,Coastal Energy Company 
CET,YAHOO/TSX_CET_TO,Cathedral Energy Services Ltd. 
CEU,YAHOO/TSX_CEU_TO,Canadian Energy Svcs And Tech Corp 
CEW,YAHOO/TSX_CEW_A_TO,Claymore Equal Weight Banc & Lifeco Trs 
CEW,YAHOO/TSX_CEW_TO,Claymore Equal Weight Banc & Lifco ETF 
CEZ,YAHOO/TSX_CEZ_TO,Calmena Energy Services Inc. 
CF,YAHOO/TSX_CF_TO,Canaccord Financial Inc. 
CFB,YAHOO/TSX_CFB_TO,Chieftain Metals Inc  Com 
CFF,YAHOO/TSX_CFF_TO,Conifex Timber Inc.
CFG,YAHOO/TSX_CFG_TO,Cluff Gold Plc 
CFN,YAHOO/TSX_CFN_TO,Carfinco Financial Group Inc 
CFP,YAHOO/TSX_CFP_TO,Canfor Corp 
CFT,YAHOO/TSX_CFT_TO,Ce Franklin Ltd Com Npv 
CFW,YAHOO/TSX_CFW_TO,Calfrac Well Services Ltd. 
CFX,YAHOO/TSX_CFX_TO,Canfor Pulp Products Inc. 
CG,YAHOO/TSX_CG_TO,Centerra Gold Inc. 
CGA,YAHOO/TSX_CGA_TO,Cga Mining Limited 
CGG,YAHOO/TSX_CGG_TO,China Gold Int Resources Corp. 
CGI,YAHOO/TSX_CGI_TO,Cdn General Inv 
CGJ,YAHOO/TSX_CGJ_TO,Carlisle Goldfields Limited 
CGL,YAHOO/TSX_CGL_C_TO,Claymore Gold Bullion ETF Non-Hedged 
CGL,YAHOO/TSX_CGL_TO,Claymore Gold Bullion ETF 
CGO,YAHOO/TSX_CGO_TO,Cogeco Inc. Sv 
CGQ,YAHOO/TSX_CGQ_E_TO,Capital Gains Eq 
CGQ,YAHOO/TSX_CGQ_TO,Capital Gains Yld 
CGR,YAHOO/TSX_CGR_A_TO,Claymore Global Real Estate ETF Cl A 
CGR,YAHOO/TSX_CGR_TO,Claymore Global Real Estate ETF 
CGX,YAHOO/TSX_CGX_TO,Cineplex Inc. 
CHB,YAHOO/TSX_CHB_A_TO,Claymore Advantaged HY Bond ETF Adv Cl 
CHB,YAHOO/TSX_CHB_TO,Claymore Advantaged HY Bond ETF 
CHE,YAHOO/TSX_CHE_UN_TO,Chemtrade Logistics Income Fund 
CHH,YAHOO/TSX_CHH_TO,Centric Health Corporation 
CHI,YAHOO/TSX_CHI_A_TO,Claymore China ETF Advisor Class 
CHI,YAHOO/TSX_CHI_TO,Claymore China ETF 
CHL,YAHOO/TSX_CHL_TO,Chaparral Gold Corp.
CHM,YAHOO/TSX_CHM_TO,Champion Minerals Inc 
CHP,YAHOO/TSX_CHP_UN_TO,Choice Properties REIT
CHR,YAHOO/TSX_CHR_A_TO,Chorus Aviation Inc Cl A 
CHR,YAHOO/TSX_CHR_B_TO,Chorus Aviation Inc Cl B 
CHW,YAHOO/TSX_CHW_TO,Chesswood Group Limited 
CIA,YAHOO/TSX_CIA_TO,Champion Iron Limited
CIB,YAHOO/TSX_CIB_TO,Claymore Inverse 10 Yr Govt Bond ETF 
CIC,YAHOO/TSX_CIC_TO,Canbanc Income Corp 
CIE,YAHOO/TSX_CIE_A_TO,Ishares Intl Fundamental Index Fund AC 
CIE,YAHOO/TSX_CIE_TO,Ishares Intl Fundamental Index Fund 
CIF,YAHOO/TSX_CIF_A_TO,Claymore Global Adv Cl 
CIF,YAHOO/TSX_CIF_TO,Claymore Global Infrastructure ETF 
CIP,YAHOO/TSX_CIP_UN_TO,Ci Master Limited Partnership 
CIR,YAHOO/TSX_CIR_TO,Copernican Intl. Fin Split Corp Class A 
CIX,YAHOO/TSX_CIX_TO,Ci Financial Corp. 
CJ,YAHOO/TSX_CJ_TO,Cardinal Energy Ltd.
CJP,YAHOO/TSX_CJP_A_TO,Ishares Japan Fund Idx CAD Hedge AC 
CJP,YAHOO/TSX_CJP_TO,Claymore Japan Fund Idx ETF C$ Hedged 
CJR,YAHOO/TSX_CJR_B_TO,Corus Entertainment Inc. Cl.B Nv 
CJT,YAHOO/TSX_CJT_A_TO,Cargojet Inc. Variable Voting Shs 
CJT,YAHOO/TSX_CJT_TO,Cargojet Inc. 
CKE,YAHOO/TSX_CKE_TO,Chinook Energy Inc. 
CKI,YAHOO/TSX_CKI_TO,Clarke Inc 
CLC,YAHOO/TSX_CLC_TO,Cml Healthcare Inc. 
CLF,YAHOO/TSX_CLF_A_TO,Claymore 1-5 Yr Ladder Gov T Bond ETF A 
CLF,YAHOO/TSX_CLF_TO,Claymore 1-5 Yr Ladder Gov T Bond ETF 
CLG,YAHOO/TSX_CLG_A_TO,Claymore 1-10 Yr Ladder Govt Bond ETF A 
CLG,YAHOO/TSX_CLG_TO,Claymore 1-10 Yr Ladder Govt Bond ETF 
CLK,YAHOO/TSX_CLK_TO,Clublink Enterprises Limited 
CLL,YAHOO/TSX_CLL_TO,Connacher Oil 
CLO,YAHOO/TSX_CLO_A_TO,Claymore Oil Sands Sector Advisor Units 
CLO,YAHOO/TSX_CLO_TO,Claymore Oil Sands Sector Common Units 
CLQ,YAHOO/TSX_CLQ_TO,Canada Lithium Corp 
CLR,YAHOO/TSX_CLR_TO,Clearwater Seafoods Incorporated 
CLS,YAHOO/TSX_CLS_TO,Celestica Inc. Sv 
CLT,YAHOO/TSX_CLT_TO,Celtic Exploration Ltd. 
CLU,YAHOO/TSX_CLU_A_TO,Ishares US Fundamental Index Fund AC 
CLU,YAHOO/TSX_CLU_B_TO,Ishares US Fundamental Index Fund Nh AC 
CLU,YAHOO/TSX_CLU_C_TO,Ishares US Fundamental Index Fund Nh 
CLU,YAHOO/TSX_CLU_TO,Ishares US Fundamental Index Fund 
CM,YAHOO/TSX_CM_TO,Canadian Imperial Bank Of Commerce 
CMF,YAHOO/TSX_CMF_A_TO,Ishares Managed Futures Idx Fd 
CMF,YAHOO/TSX_CMF_TO,Claymore Managed Futures ETF 
CMG,YAHOO/TSX_CMG_TO,Computer Modelling Group Ltd 
CMH,YAHOO/TSX_CMH_TO,Carmanah Technologies Corp. 
CMK,YAHOO/TSX_CMK_TO,Cline Mining Corp 
CML,YAHOO/TSX_CML_TO,Crowflight Minerals Inc 
CMP,YAHOO/TSX_CMP_UN_TO,Cmp Gold Trust Units 
CMR,YAHOO/TSX_CMR_TO,Claymore Premium Money Market ETF 
CMT,YAHOO/TSX_CMT_TO,Compton Petroleum Corporation 
CMW,YAHOO/TSX_CMW_A_TO,Claymore S&P/Tsx Glbl Mining ETF Advsr 
CMW,YAHOO/TSX_CMW_TO,Claymore S&P/Tsx Glbl Mining ETF Common 
CNE,YAHOO/TSX_CNE_TO,Canacol Energy Ltd 
CNJ,YAHOO/TSX_CNJ_TO,Cangene Corp 
CNL,YAHOO/TSX_CNL_TO,Continental Gold Ltd 
CNM,YAHOO/TSX_CNM_UN_TO,Canadian Income Management Trust 
CNQ,YAHOO/TSX_CNQ_TO,Cdn Natural Res 
CNR,YAHOO/TSX_CNR_TO,Canadian National Railway Co. 
COA,YAHOO/TSX_COA_TO,Coastal Contacts Inc. 
COM,YAHOO/TSX_COM_TO,Cardiome Pharma Corp 
COP,YAHOO/TSX_COP_TO,Coro Mining Corp. 
COS,YAHOO/TSX_COS_TO,Canadian Oil Sands Limited 
COW,YAHOO/TSX_COW_A_TO,Claymore Global Agr Etfclass A 
COW,YAHOO/TSX_COW_TO,Claymore Global Agr ETF Commonunits 
COX,YAHOO/TSX_COX_UN_TO,Coxe Commodity Strategy Fund Units 
CP,YAHOO/TSX_CP_TO,Canadian Pacific Railway Limited 
CPD,YAHOO/TSX_CPD_A_TO,Claymore S&P/Tsx Cdn Pref Share ETF Adv 
CPD,YAHOO/TSX_CPD_TO,Claymore S&P/Tsx Cdn Pref Share ETF Com 
CPG,YAHOO/TSX_CPG_TO,Crescent Point Energy Corp. 
CPI,YAHOO/TSX_CPI_TO,Condor Petroleum Inc 
CPM,YAHOO/TSX_CPM_UN_TO,Copernican Int L Premium Dividend Fund 
CPN,YAHOO/TSX_CPN_TO,Carpathian Gold Inc. 
CPT,YAHOO/TSX_CPT_TO,Coalspur Mines Limited 
CPX,YAHOO/TSX_CPX_TO,Capital Power Corporation 
CQE,YAHOO/TSX_CQE_TO,Cequence Energy Ltd. 
CR,YAHOO/TSX_CR_TO,Crew Energy Inc 
CRG,YAHOO/TSX_CRG_TO,Corona Gold Corp 
CRH,YAHOO/TSX_CRH_TO,Crh Medical Corporation 
CRJ,YAHOO/TSX_CRJ_TO,Claude Res 
CRJ,YAHOO/TSX_CRJ_WT_TO,Claude Resources Inc. Wts 
CRK,YAHOO/TSX_CRK_TO,Crocodile Gold Corp 
CRP,YAHOO/TSX_CRP_TO,Ceres Global Ag Corp. 
CRQ,YAHOO/TSX_CRQ_A_TO,Ishares Canadian Fundamental Index Fd AC 
CRQ,YAHOO/TSX_CRQ_TO,Isharescanadian Fundamental Index Fd 
CRR,YAHOO/TSX_CRR_UN_TO,Crombie Real Estate Investment Trust 
CRT,YAHOO/TSX_CRT_UN_TO,CT Real Estate Investment Trust
CRW,YAHOO/TSX_CRW_UN_TO,Cinram International Income Fund 
CRY,YAHOO/TSX_CRY_TO,Cryptologic Inc 
CS,YAHOO/TSX_CS_TO,Capstone Mining Corp. 
CSA,YAHOO/TSX_CSA_TO,Commercial Solutions Inc. 
CSB,YAHOO/TSX_CSB_UN_TO,Canadian Banc Capital Securities Trust
CSD,YAHOO/TSX_CSD_A_TO,Claymore Adv Sh Duration Hi Inc ETF Adv 
CSD,YAHOO/TSX_CSD_TO,Claymore Adv Short Duration Hi Inc ETF 
CSE,YAHOO/TSX_CSE_TO,Capstone Infrastructure Corp 
CSF,YAHOO/TSX_CSF_TO,The Cash Store Financial Services Inc. 
CSH,YAHOO/TSX_CSH_UN_TO,Chartwell Seniors Housing Rl Estate 
CSI,YAHOO/TSX_CSI_TO,Colossus Minerals Inc. 
CSS,YAHOO/TSX_CSS_TO,Contrans Group Inc. 
CSU,YAHOO/TSX_CSU_TO,Constellation Software Inc. 
CSY,YAHOO/TSX_CSY_TO,Can 60 Income Corp 
CTA,YAHOO/TSX_CTA_TO,Crocotta Energy Inc. 
CTC,YAHOO/TSX_CTC_A_TO,Canadian Tire Corporation Cl. A Nv 
CTC,YAHOO/TSX_CTC_TO,Canadian Tire Corporation Limited 
CTU,YAHOO/TSX_CTU_A_TO,Le Chateau Inc. Cl A. Sv 
CTY,YAHOO/TSX_CTY_TO,Calian Technologies Ltd. 
CU,YAHOO/TSX_CU_TO,Canadian Utilities Ltd. Cl.A Nv 
CU,YAHOO/TSX_CU_X_TO,Cdn Util Cl B 
CUD,YAHOO/TSX_CUD_A_TO,Claymore Sp US Div Growers ETF Adv 
CUD,YAHOO/TSX_CUD_TO,Claymore Sp US Div Growers ETF 
CUF,YAHOO/TSX_CUF_UN_TO,Cominar R E Un 
CUM,YAHOO/TSX_CUM_TO,Copper Mountain Mining Corp 
CUP,YAHOO/TSX_CUP_U_TO,Caribbean Util US 
CUQ,YAHOO/TSX_CUQ_TO,Churchill Corp A 
CUR,YAHOO/TSX_CUR_TO,Diagnocure Inc J 
CUS,YAHOO/TSX_CUS_TO,Canexus Corporation 
CUV,YAHOO/TSX_CUV_TO,Curis Resources Ltd 
CVD,YAHOO/TSX_CVD_A_TO,Claymore Adv Convert Bond ETF Adv Class 
CVD,YAHOO/TSX_CVD_TO,Claymore Adv Convert Bond ETF 
CVE,YAHOO/TSX_CVE_TO,Cenovus Energy Inc. 
CVG,YAHOO/TSX_CVG_TO,Clairvest Group 
CVI,YAHOO/TSX_CVI_A_TO,Calvalley Petroleum Inc. 
CVL,YAHOO/TSX_CVL_TO,Cervus Equipment Corporation 
CVT,YAHOO/TSX_CVT_TO,Cvtech Group Inc. 
CVV,YAHOO/TSX_CVV_TO,Canalaska Uranium Ltd 
CVZ,YAHOO/TSX_CVZ_TO,Calvista Gold Corporation 
CWA,YAHOO/TSX_CWA_TO,Coast Wholesale Appliances Inc. 
CWB,YAHOO/TSX_CWB_TO,Cdn Western Bank 
CWF,YAHOO/TSX_CWF_TO,Cdn World Fund 
CWG,YAHOO/TSX_CWG_TO,Craig Wireless Systems Ltd. 
CWI,YAHOO/TSX_CWI_TO,Crosswinds Holdings Inc.
CWL,YAHOO/TSX_CWL_TO,Caldwell Partners International Inc 
CWO,YAHOO/TSX_CWO_A_TO,Claymore Broad Emerging Mkt ETF Adv 
CWO,YAHOO/TSX_CWO_TO,Claymore Broad Emerging Mkt ETF Com 
CWT,YAHOO/TSX_CWT_UN_TO,Calloway Real Estate Investment Trust 
CWW,YAHOO/TSX_CWW_A_TO,Claymore S&P Global Water ETF Advisor Cl 
CWW,YAHOO/TSX_CWW_TO,Claymore S&P Global Water ETF Common 
CWX,YAHOO/TSX_CWX_TO,Canwel Building Materials Group Ltd 
CX,YAHOO/TSX_CX_TO,Cyberplex J 
CXA,YAHOO/TSX_CXA_B_TO,Cons Hci Cl B 
CXF,YAHOO/TSX_CXF_A_TO,Cdn Convert Liquid Univ ETF Adv 
CXF,YAHOO/TSX_CXF_TO,Cdn Convert Liquid Universe ETF 
CXI,YAHOO/TSX_CXI_S_TO,Currency Exchange International Corp 
CXN,YAHOO/TSX_CXN_TO,Chalice Gold Mines Ltd 
CXR,YAHOO/TSX_CXR_TO,Concordia Healthcare Corp.
CXS,YAHOO/TSX_CXS_TO,Counsel Corp 
CXX,YAHOO/TSX_CXX_TO,Crosshair Exploration 
CYB,YAHOO/TSX_CYB_TO,Cymbria Corporation Cl A 
CYH,YAHOO/TSX_CYH_A_TO,Claymore Glbl Monthly Adv Div ETF Cls A 
CYH,YAHOO/TSX_CYH_TO,Claymore Glbl Monthly Advantaged Div ETF 
CYM,YAHOO/TSX_CYM_TO,Cymat Technologies Ltd. 
CYT,YAHOO/TSX_CYT_TO,Catalyst Paper Corporation
CZA,YAHOO/TSX_CZA_TO,Cobriza Metals Corp 
CZE,YAHOO/TSX_CZE_TO,C And C Energia Ltd 
CZN,YAHOO/TSX_CZN_TO,Cdn Zinc Corp J 
CZQ,YAHOO/TSX_CZQ_TO,Continental Precious Minerals Inc. 
D,YAHOO/TSX_D_UN_TO,Dundee Real Estate Investment Trust 
DA,YAHOO/TSX_DA_A_TO,Discovery Air Inc. 
DAA,YAHOO/TSX_DAA_TO,Pwshrs DB Agriculture Dbl Lng 
DAD,YAHOO/TSX_DAD_TO,Powershares DB Agriculture Doub 
DBO,YAHOO/TSX_DBO_TO,Dbox Technologies Inc 
DC,YAHOO/TSX_DC_A_TO,Dundee Corp. Cl.A Sv 
DCF,YAHOO/TSX_DCF_TO,Difference Capital Financial Inc.
DCI,YAHOO/TSX_DCI_TO,Directcash Payments Inc. 
DD,YAHOO/TSX_DD_TO,Dds Wireless International Inc. 
DDC,YAHOO/TSX_DDC_TO,Dominion Diamond Corp.
DEE,YAHOO/TSX_DEE_TO,Delphi Energy Corp. 
DEJ,YAHOO/TSX_DEJ_TO,Dejour Energy Inc 
DEN,YAHOO/TSX_DEN_TO,Dundee Energy Limited 
DF,YAHOO/TSX_DF_TO,Dividend 15 Split Corp. II 
DFI,YAHOO/TSX_DFI_TO,Diamond Field In J 
DFN,YAHOO/TSX_DFN_TO,Dividend 15 Split Corp 
DG,YAHOO/TSX_DG_UN_TO,Global Div.Invest. Grade Income Trust 
DGC,YAHOO/TSX_DGC_TO,Detour Gold Corporation 
DGI,YAHOO/TSX_DGI_TO,Data Group Inc 
DGJ,YAHOO/TSX_DGJ_TO,Pwshrs DB Gold Dbls Shrt ETN 
DGS,YAHOO/TSX_DGS_TO,Dividend Growth Split Corp. Class A 
DGU,YAHOO/TSX_DGU_TO,Powershares DB Gold Double Long ETN 
DH,YAHOO/TSX_DH_TO,Davis Henderson Corporation 
DHX,YAHOO/TSX_DHX_TO,Dhx Media Ltd. 
DI,YAHOO/TSX_DI_UN_TO,Dundee International REIT Units 
DII,YAHOO/TSX_DII_A_TO,Dorel Industries Inc. Cl.A Mv 
DII,YAHOO/TSX_DII_B_TO,Dorel Industries Inc. Cl.B Sv 
DIN,YAHOO/TSX_DIN_TO,DIR Industrial Properties Inc.
DIR,YAHOO/TSX_DIR_UN_TO,Dream Industrial REIT
DIV,YAHOO/TSX_DIV_TO,Diversified Royalty Corp.
DL,YAHOO/TSX_DL_TO,Danier Leather Inc. Sv 
DLR,YAHOO/TSX_DLR_TO,Horizons US Dollar Currency ETF 
DM,YAHOO/TSX_DM_TO,Duluth Metals Limited 
DML,YAHOO/TSX_DML_TO,Denison Mines Corp. 
DMM,YAHOO/TSX_DMM_TO,Dynasty Metals 
DNA,YAHOO/TSX_DNA_TO,Dalradian Resources Inc. 
DNC,YAHOO/TSX_DNC_TO,Deans Knight Income Corporation 
DND,YAHOO/TSX_DND_TO,Cipher Pharmaceuticals Inc 
DNG,YAHOO/TSX_DNG_TO,Dynacor Gold Mines Inc 
DNK,YAHOO/TSX_DNK_TO,Dynetek Ind J 
DNT,YAHOO/TSX_DNT_TO,Candente Copper Corp 
DOE,YAHOO/TSX_DOE_TO,Powershares DB Crude Oil Dble Sh ETN 
DOL,YAHOO/TSX_DOL_TO,Dollarama Inc 
DOM,YAHOO/TSX_DOM_UN_TO,Dominion Citrus Income Fund 
DOO,YAHOO/TSX_DOO_TO,BRP Inc.
DPF,YAHOO/TSX_DPF_UN_TO,Dpf India Opportunities Fund Units 
DPM,YAHOO/TSX_DPM_TO,Dundee Precious Metals Inc. 
DR,YAHOO/TSX_DR_TO,Medical Facilities Corp 
DRA,YAHOO/TSX_DRA_UN_TO,Dream Hard Asset Alternatives Trust
DRG,YAHOO/TSX_DRG_UN_TO,Dream Global Real Estate Investment Trust
DRM,YAHOO/TSX_DRM_TO,DREAM Unlimited Corp.
DRN,YAHOO/TSX_DRN_TO,Delrand Resources Limited 
DRT,YAHOO/TSX_DRT_TO,Dirtt Environmental Solutions Inc.
DRX,YAHOO/TSX_DRX_TO,Adf Group Inc. Sv 
DS,YAHOO/TSX_DS_TO,Dividend Select 15 Corp 
DSG,YAHOO/TSX_DSG_TO,Descartes Sys 
DTX,YAHOO/TSX_DTX_TO,Deethree Exploration Ltd 
DVX,YAHOO/TSX_DVX_TO,Ipath S&P 500 Dynamic VIX CAD 
DW,YAHOO/TSX_DW_TO,DataWind Inc.
DWI,YAHOO/TSX_DWI_TO,Dragonwave Inc. 
DXM,YAHOO/TSX_DXM_A_TO,XTF Morningstar Cda Div Tgt 30 AC ETF 
DXM,YAHOO/TSX_DXM_TO,XTF Morningstar Cda Div Tgt 30 ETF 
E,YAHOO/TSX_E_TO,Enterprise Oilfield Group Inc. 
EBF,YAHOO/TSX_EBF_UN_TO,Eurpoean Strategic Balanced Fund
ECA,YAHOO/TSX_ECA_TO,Encana Corp. 
ECI,YAHOO/TSX_ECI_TO,Enercare Inc. 
ECO,YAHOO/TSX_ECO_TO,Ecosynthetix Inc 
ECP,YAHOO/TSX_ECP_TO,Ecopetrol S.A. 
EDR,YAHOO/TSX_EDR_TO,Endeavour Silver Corp. 
EDV,YAHOO/TSX_EDV_TO,Endeavour Mining Corp 
EE,YAHOO/TSX_EE_TO,Exall Energy Corporation 
EFH,YAHOO/TSX_EFH_TO,Egi Financial Holdings Inc. 
EFL,YAHOO/TSX_EFL_TO,Electrovaya Inc. 
EFN,YAHOO/TSX_EFN_TO,Element Financial Corp 
EFR,YAHOO/TSX_EFR_TO,Energy Fuels Inc. 
EFX,YAHOO/TSX_EFX_TO,Enerflex Ltd 
EGL,YAHOO/TSX_EGL_UN_TO,Eagle Energy Trust 
EGZ,YAHOO/TSX_EGZ_TO,Energizer Resources Inc 
EH,YAHOO/TSX_EH_TO,Easyhome Ltd. 
EIF,YAHOO/TSX_EIF_TO,Exchange Income Corporation 
EIT,YAHOO/TSX_EIT_UN_TO,Enervest Diversified Income Trust 
EKO,YAHOO/TSX_EKO_TO,Noveko International Inc. 
ELA,YAHOO/TSX_ELA_UN_TO,Excel Latin America Bond Fund
ELC,YAHOO/TSX_ELC_TO,Cic Energy Corp. 
ELD,YAHOO/TSX_ELD_TO,Eldorado Gold 
ELF,YAHOO/TSX_ELF_TO,E-L Financial 
ELG,YAHOO/TSX_ELG_TO,Elgin Mining Inc 
ELM,YAHOO/TSX_ELM_TO,Elemental Minerals Limited 
ELR,YAHOO/TSX_ELR_TO,Eastern Platinum Limited 
EMA,YAHOO/TSX_EMA_TO,Emera Incorporated 
EMC,YAHOO/TSX_EMC_TO,Emc Metals Corp. 
EMD,YAHOO/TSX_EMD_TO,Emed Mining Public Ltd 
EMP,YAHOO/TSX_EMP_A_TO,Empire Company Ltd. Cl.A Nv 
EMY,YAHOO/TSX_EMY_UN_TO,Next Edge GLG Emerging Markets Income Fund
ENB,YAHOO/TSX_ENB_TO,Enbridge Inc 
ENF,YAHOO/TSX_ENF_TO,Enbridge Income Fund Holdings Inc. 
ENI,YAHOO/TSX_ENI_UN_TO,Energy Income Fund
ENL,YAHOO/TSX_ENL_TO,Endo International PLC
ENT,YAHOO/TSX_ENT_TO,ENTREC Corporation
EOM,YAHOO/TSX_EOM_TO,Eco Oro Minerals Corp 
EOS,YAHOO/TSX_EOS_UN_TO,Enervest Energy And Oil Sands T 
EPS,YAHOO/TSX_EPS_TO,Epsilon Energy Ltd. 
EQB,YAHOO/TSX_EQB_TO,Equitable Group Inc.
EQI,YAHOO/TSX_EQI_TO,Equity Financial Holdings Inc. 
EQU,YAHOO/TSX_EQU_TO,Equal Energy Ltd 
ER,YAHOO/TSX_ER_TO,Eastmain Res J 
ERD,YAHOO/TSX_ERD_TO,Erdene Resource Development Company 
ERF,YAHOO/TSX_ERF_TO,Enerplus Corporation 
ERM,YAHOO/TSX_ERM_TO,Eclipse Residential Mortgage Investment Corp.
ESI,YAHOO/TSX_ESI_TO,Ensign Energy Services Inc. 
ESL,YAHOO/TSX_ESL_TO,Enghouse Systems Ltd. 
ESN,YAHOO/TSX_ESN_TO,Essential Energy Services Ltd 
ESP,YAHOO/TSX_ESP_TO,Espial Group Inc. 
ET,YAHOO/TSX_ET_TO,Evertz Technologies Limited 
ETC,YAHOO/TSX_ETC_TO,Equitable Group Inc. 
ETG,YAHOO/TSX_ETG_TO,Entree Gold Inc. 
ETX,YAHOO/TSX_ETX_TO,Etrion Corporation 
EVG,YAHOO/TSX_EVG_TO,Evolving Gold Corp 
EVT,YAHOO/TSX_EVT_TO,Economic Investment 
EWP,YAHOO/TSX_EWP_UN_TO,First Asset Pipes & Power Income Fund 
EXE,YAHOO/TSX_EXE_TO,Extendicare Real Estate Investment Trst 
EXF,YAHOO/TSX_EXF_TO,Exfo Inc 
EXN,YAHOO/TSX_EXN_TO,Excellon Resources Inc. 
EXT,YAHOO/TSX_EXT_TO,Extract Resources Ltd 
F,YAHOO/TSX_F_UN_TO,FAM Real Estate Investment Trust
FAP,YAHOO/TSX_FAP_TO,Aberdeen Asia-Pacific Income Invest Ltd 
FAR,YAHOO/TSX_FAR_TO,Foraco International Sa 
FAY,YAHOO/TSX_FAY_UN_TO,First Asset Yield Opportunity Trust 
FBK,YAHOO/TSX_FBK_TO,Fibrek Inc. 
FBS,YAHOO/TSX_FBS_B_TO,5Banc Split Inc. Capital Shares 
FC,YAHOO/TSX_FC_TO,Firm Capital Mortgage Investment Corp.
FCO,YAHOO/TSX_FCO_TO,Formation Metals Inc. 
FCR,YAHOO/TSX_FCR_TO,First Capital Realty Inc. 
FCU,YAHOO/TSX_FCU_TO,Fission Uranium Corp.
FDS,YAHOO/TSX_FDS_UN_TO,First Trust Global Dividend Seeker Fund
FEL,YAHOO/TSX_FEL_TO,Fairborne Energy Ltd. 
FER,YAHOO/TSX_FER_TO,Century Iron Mines Corp 
FES,YAHOO/TSX_FES_TO,Flint Energy Services Limited 
FFH,YAHOO/TSX_FFH_TO,Fairfax Financial Holdings Ltd. 
FFL,YAHOO/TSX_FFL_TO,Ipath US Treasury Flattener ETN 
FFN,YAHOO/TSX_FFN_TO,Financial 15 Split Corp II 
FGX,YAHOO/TSX_FGX_TO,Faircourt Gold Income Corp. 
FIC,YAHOO/TSX_FIC_TO,Can Financials Income Corp 
FIE,YAHOO/TSX_FIE_A_TO,Claymore Cdn Financial Mthly Income ETF 
FIE,YAHOO/TSX_FIE_TO,Claymore Cdn Fin Mthly Inc ETF 
FIU,YAHOO/TSX_FIU_TO,First Uranium Corporation 
FM,YAHOO/TSX_FM_TO,First Quantum Minerals Ltd 
FMC,YAHOO/TSX_FMC_TO,Forbes And Manhattan Coal Corp 
FN,YAHOO/TSX_FN_TO,First National Financial Corp. 
FNI,YAHOO/TSX_FNI_TO,First Nickel Inc. 
FNV,YAHOO/TSX_FNV_TO,Franco-Nevada Corporation 
FOR,YAHOO/TSX_FOR_TO,Fortune Bay Corp.
FOS,YAHOO/TSX_FOS_TO,Phoscan Chemical Corp. 
FP,YAHOO/TSX_FP_TO,Fp Newspapers Inc. 
FPX,YAHOO/TSX_FPX_TO,First Point Minerals Corp.
FR,YAHOO/TSX_FR_TO,First Majestic Silver Corp. Common 
FRB,YAHOO/TSX_FRB_TO,Forbes Energy Services Ltd 
FRC,YAHOO/TSX_FRC_TO,Canyon Services Group Inc. 
FRO,YAHOO/TSX_FRO_TO,Frontier Rare Earths Limited 
FRU,YAHOO/TSX_FRU_TO,Freehold Royalties Ltd. 
FSD,YAHOO/TSX_FSD_UN_TO,First Trust Adv Sh Dur Hi Yld Bnd Fd 
FSS,YAHOO/TSX_FSS_TO,Front Street Strategic Yield Fund Ltd. 
FSV,YAHOO/TSX_FSV_TO,Firstservice Corporation Sv 
FSY,YAHOO/TSX_FSY_TO,Forsys Metals Corp. 
FSZ,YAHOO/TSX_FSZ_TO,Fiera Capital Corp 
FT,YAHOO/TSX_FT_TO,Fortune Mnrl J 
FTG,YAHOO/TSX_FTG_TO,Firan Technology G Com Npv 
FTN,YAHOO/TSX_FTN_TO,Financial 15 Split Corp 
FTP,YAHOO/TSX_FTP_TO,Fortress Paper Ltd. 
FTS,YAHOO/TSX_FTS_TO,Fortis Inc 
FTT,YAHOO/TSX_FTT_TO,Finning Intl 
FTU,YAHOO/TSX_FTU_TO,US Financial 15 Split Corp. 
FVI,YAHOO/TSX_FVI_TO,Fortuna Silver Mines Inc 
FVL,YAHOO/TSX_FVL_TO,Freegold Ventures Limited 
FXF,YAHOO/TSX_FXF_A_TO,First Asset Can-Financials Cove 
FXF,YAHOO/TSX_FXF_TO,Can Financials Income ETF 
FXM,YAHOO/TSX_FXM_A_TO,F A Morningstar Cda Value Idx E 
FXM,YAHOO/TSX_FXM_TO,XTF Morningstar CAD Value Idx ETF 
G,YAHOO/TSX_G_TO,Goldcorp Inc 
GAA,YAHOO/TSX_GAA_TO,Gazit America Inc. 
GAS,YAHOO/TSX_GAS_TO,Claymore Natural Gas Commodity ETF 
GBA,YAHOO/TSX_GBA_TO,Globalbanc Advanta Com Npv Clas 
GBG,YAHOO/TSX_GBG_TO,Great Basin Gold Ltd. 
GBT,YAHOO/TSX_GBT_A_TO,Bmtc Group Inc. Cl.A Sv 
GBU,YAHOO/TSX_GBU_TO,Gabriel Res J 
GBV,YAHOO/TSX_GBV_TO,Groupe Bikini Village Inc 
GC,YAHOO/TSX_GC_TO,Great Canadian Gaming Corporation 
GCG,YAHOO/TSX_GCG_A_TO,Guardian Capital Group Ltd. Cl.A Nv 
GCG,YAHOO/TSX_GCG_TO,Guardian Capital 
GCL,YAHOO/TSX_GCL_TO,Colabor Group Inc. 
GCM,YAHOO/TSX_GCM_TO,Gran Colombia Gold Corp. 
GCT,YAHOO/TSX_GCT_TO,Gvic Communications Corp. Class B 
GDC,YAHOO/TSX_GDC_TO,Genesis Land J 
GDI,YAHOO/TSX_GDI_TO,General Donlee Canada Inc. 
GDL,YAHOO/TSX_GDL_TO,Goodfellow Inc 
GDS,YAHOO/TSX_GDS_TO,Gendis Inc 
GEI,YAHOO/TSX_GEI_TO,Gibson Energy Inc 
GEN,YAHOO/TSX_GEN_TO,Genenews Limited 
GEO,YAHOO/TSX_GEO_TO,Geodrill Limited 
GFS,YAHOO/TSX_GFS_TO,Gasfrac Energy Services Inc 
GGA,YAHOO/TSX_GGA_TO,Goldgroup Mining Inc 
GGD,YAHOO/TSX_GGD_TO,GoGold Resources Inc.
GGN,YAHOO/TSX_GGN_TO,Gryphon Gold Corp. 
GH,YAHOO/TSX_GH_TO,Gamehost Inc. 
GIB,YAHOO/TSX_GIB_A_TO,Cgi Group Inc. Cl.A Sv 
GIL,YAHOO/TSX_GIL_TO,Gildan Activewear Inc. 
GIX,YAHOO/TSX_GIX_TO,Geologix Explorations Inc. 
GLG,YAHOO/TSX_GLG_TO,GLG Life Tech Corporation
GLN,YAHOO/TSX_GLN_TO,Glentel Inc 
GLV,YAHOO/TSX_GLV_A_TO,Groupe Laperriere 
GLV,YAHOO/TSX_GLV_B_TO,Groupe Laperriere & Verreault Inc. Cl B 
GMC,YAHOO/TSX_GMC_TO,Geovic Mining Corp 
GMO,YAHOO/TSX_GMO_TO,General Moly Inc. 
GMP,YAHOO/TSX_GMP_TO,Gmp Capital Inc. 
GMX,YAHOO/TSX_GMX_TO,Globex Mng J 
GNV,YAHOO/TSX_GNV_TO,Genivar Inc 
GO,YAHOO/TSX_GO_TO,Galleon Energy Inc. 
GPC,YAHOO/TSX_GPC_TO,Aston Hill Sr Gold Producers Inc Corp 
GPD,YAHOO/TSX_GPD_TO,Golden Predator Corp 
GPR,YAHOO/TSX_GPR_TO,Great Panther Silver Limited 
GQM,YAHOO/TSX_GQM_TO,Golden Queen Mng J 
GRT,YAHOO/TSX_GRT_TO,Granite Real Estate Inc. 
GS,YAHOO/TSX_GS_TO,Gluskin Sheff Associates Inc. 
GSB,YAHOO/TSX_GSB_UN_TO,Government Strip Bond Trust 
GSC,YAHOO/TSX_GSC_TO,Golden Star 
GSY,YAHOO/TSX_GSY_TO,Argosy Energy Inc 
GTE,YAHOO/TSX_GTE_TO,Gran Tierra Energy Inc. 
GTH,YAHOO/TSX_GTH_TO,U.S. Geothermal Inc. 
GTU,YAHOO/TSX_GTU_UN_TO,Central Goldtrust 
GTX,YAHOO/TSX_GTX_TO,Gran Tierra Exchangeco Inc. 
GUD,YAHOO/TSX_GUD_TO,Knight Theraputics Inc.
GUR,YAHOO/TSX_GUR_TO,Aston Hill Global Uranium Fund Inc 
GUY,YAHOO/TSX_GUY_TO,Guyana Goldfields Inc 
GVC,YAHOO/TSX_GVC_TO,Glacier Media Inc 
GVX,YAHOO/TSX_GVX_TO,Grandview Gold Inc. 
GW,YAHOO/TSX_GW_TO,Garda World Security Corp 
GWO,YAHOO/TSX_GWO_TO,Great-West Lifeco Inc 
GWR,YAHOO/TSX_GWR_TO,Gwr Global Water Resources Corp. 
GXE,YAHOO/TSX_GXE_TO,Gear Energy Ltd.
GXF,YAHOO/TSX_GXF_A_TO,First Asset Dex Govt Bond Index 
GXF,YAHOO/TSX_GXF_TO,First Asset Dex Govt Bond Index 
GXI,YAHOO/TSX_GXI_TO,Guestlogix Inc. 
GZT,YAHOO/TSX_GZT_TO,Gazit-Globe Ltd.
HAA,YAHOO/TSX_HAA_A_TO,Horizons Balanced ETF Adv 
HAA,YAHOO/TSX_HAA_TO,Horizons Balanced ETF 
HAB,YAHOO/TSX_HAB_TO,Horizons Corporate Bond ETF 
HAC,YAHOO/TSX_HAC_A_TO,Horizons Seasonal Rotation ETF Adv 
HAC,YAHOO/TSX_HAC_TO,Horizons Seasonal Rotation ETF 
HAF,YAHOO/TSX_HAF_A_TO,Horizons Tactical Bond ETF 
HAF,YAHOO/TSX_HAF_TO,Horizons Tactical Bond ETF 
HAG,YAHOO/TSX_HAG_TO,Horizons Gartman ETF 
HAH,YAHOO/TSX_HAH_A_TO,Horizons Sp TSX 60 130 30 Idx ETF Adv Cl 
HAH,YAHOO/TSX_HAH_TO,Horizons Sp TSX 60 130 30 ETF 
HAL,YAHOO/TSX_HAL_TO,Horizons Dividend ETF 
HAP,YAHOO/TSX_HAP_A_TO,Horizons Income Plus ETF 
HAP,YAHOO/TSX_HAP_TO,Horizons Income Plus ETF 
HAR,YAHOO/TSX_HAR_TO,Harmony Asset Limited 
HAV,YAHOO/TSX_HAV_A_TO,Horizons Na Value ETF Adv 
HAV,YAHOO/TSX_HAV_TO,Horizons North American Value ETF 
HAW,YAHOO/TSX_HAW_TO,Horizons North American Growth ETF 
HAY,YAHOO/TSX_HAY_UN_TO,Stone Agribusiness Fund 
HAZ,YAHOO/TSX_HAZ_TO,Horizons Global Dividend ETF 
HBC,YAHOO/TSX_HBC_TO,Hudson's Bay Company
HBD,YAHOO/TSX_HBD_TO,Horizons Betapro Comex Gold Bear Plus 
HBM,YAHOO/TSX_HBM_TO,Hudbay Minerals Inc. 
HBP,YAHOO/TSX_HBP_TO,Helix Biopharm 
HBU,YAHOO/TSX_HBU_TO,Horizons Betapro Comex Gold Bull Plus 
HCG,YAHOO/TSX_HCG_TO,Home Capital Group Inc. 
HCI,YAHOO/TSX_HCI_TO,Hartco Inc. 
HDD,YAHOO/TSX_HDD_TO,Horizons Betapro US Dollar Bear Plus ETF 
HDU,YAHOO/TSX_HDU_TO,Horizons Betapro US Dollar Bull Plus ETF 
HDX,YAHOO/TSX_HDX_TO,Hosted Data Transa Com Npv 
HE,YAHOO/TSX_HE_TO,Hanwei Energy Services Corp. 
HED,YAHOO/TSX_HED_TO,Horizons Betapro S&P/Tsx Cap Energy Bear 
HEE,YAHOO/TSX_HEE_A_TO,Horizons Enhd Income Energy ETF Adv 
HEE,YAHOO/TSX_HEE_TO,Horizons Enhanced Income Energy ETF 
HEF,YAHOO/TSX_HEF_A_TO,Horizons Enhd Income Financial ETF Adv 
HEF,YAHOO/TSX_HEF_TO,Horizons Enhanced Income Fin ETF 
HEG,YAHOO/TSX_HEG_TO,Homeland Energy Group Ltd. 
HEJ,YAHOO/TSX_HEJ_A_TO,Horizons Enhd Inc Intl Equity ETF Adv 
HEJ,YAHOO/TSX_HEJ_TO,Horizons Enhd Inc Intl Equity ETF 
HEM,YAHOO/TSX_HEM_TO,Hemisphere Gps Inc. 
HEP,YAHOO/TSX_HEP_A_TO,Horizons Enhd Income Gold Prod ETF Adv 
HEP,YAHOO/TSX_HEP_TO,Horizons Enhanced Income Gold Prod ETF 
HEQ,YAHOO/TSX_HEQ_TO,Homeq Corporation 
HER,YAHOO/TSX_HER_TO,Heron Resources Limited
HEU,YAHOO/TSX_HEU_TO,Horizons Betapro S&P/Tsx Cap Energy Bull 
HEW,YAHOO/TSX_HEW_TO,Horizons Sp/Tsx 60 Equal Wgt Idx ETF 
HEX,YAHOO/TSX_HEX_A_TO,Horizons Enhd Income Equity ETF Adv 
HEX,YAHOO/TSX_HEX_TO,Horizons Enhanced Income Equity ETF 
HF,YAHOO/TSX_HF_TO,Hanfeng Evergreen Inc. 
HFD,YAHOO/TSX_HFD_TO,Horizons Betapro S&P/Tsx Cap Fins Br ETF 
HFR,YAHOO/TSX_HFR_A_TO,Horizons Floating Rate Bond ETF Adv 
HFR,YAHOO/TSX_HFR_TO,Horizons Floating Rate Bond ETF 
HFU,YAHOO/TSX_HFU_TO,Horizons Betapro S&P/Tsx Cap Fins Bl ETF 
HGD,YAHOO/TSX_HGD_TO,Horizons Bp Gold Bear Plus ETF 
HGI,YAHOO/TSX_HGI_UN_TO,Global Adv Telecom Utilities Inc.
HGN,YAHOO/TSX_HGN_TO,Halogen Software Inc.
HGU,YAHOO/TSX_HGU_TO,Horizons Betapro S&P/Tsx Global Gld Bull 
HGY,YAHOO/TSX_HGY_A_TO,Horizons Gold Yield ETF Adv Class 
HGY,YAHOO/TSX_HGY_TO,Horizons Gold Yield ETF 
HHF,YAHOO/TSX_HHF_A_TO,Horizons Morningstar Hdg Fd Idx ETF AC 
HHF,YAHOO/TSX_HHF_TO,Horizons Morningstar Hdg Fd Idx ETF 
HHY,YAHOO/TSX_HHY_UN_TO,High Rock Canadian High Yield Bond Fund
HIE,YAHOO/TSX_HIE_TO,Horizons Btp Cpd Energy Inverse ETF 
HIF,YAHOO/TSX_HIF_TO,Horizons Betapro S&P/Tsx Fin Inverse ETF 
HIG,YAHOO/TSX_HIG_TO,Horizons Btp Global Gold Inverse ETF 
HIN,YAHOO/TSX_HIN_TO,Horizons Bp Nymex Nat Gas Inverse ETF 
HIO,YAHOO/TSX_HIO_TO,Horizons Betapro Nymex Crude Inverse ETF 
HIT,YAHOO/TSX_HIT_UN_TO,Fiera High Income Trust 
HIU,YAHOO/TSX_HIU_TO,Horizons Betapro Sp 500 Inverse ETF 
HIX,YAHOO/TSX_HIX_TO,Horizons Betapro S&P/Tsx 60 Inverse ETF 
HIZ,YAHOO/TSX_HIZ_TO,Horizons Bp Comex Silver Inv ETF 
HJD,YAHOO/TSX_HJD_TO,Horizon Betapro MSCI EM Mkt Bear Plus 
HJE,YAHOO/TSX_HJE_TO,Horizons Gmp Junior Oil And Gas Idx ETF 
HJU,YAHOO/TSX_HJU_TO,Horizon Betapro MSCI EM Mkt Bull Plus 
HKD,YAHOO/TSX_HKD_TO,Horizons Bp Comex Copper Bear Plus ETF 
HKU,YAHOO/TSX_HKU_TO,Horizons Bp Comex Copper Bull Plus ETF 
HLC,YAHOO/TSX_HLC_TO,Holloway Lodging Corp.
HLF,YAHOO/TSX_HLF_A_TO,High Liner Foods Inc Non Voting 
HLF,YAHOO/TSX_HLF_TO,High Liner 
HLP,YAHOO/TSX_HLP_UN_TO,Healthlease Properties REIT 
HLR,YAHOO/TSX_HLR_UN_TO,Holloway Lodging Real Estate Inv 
HMD,YAHOO/TSX_HMD_TO,Horizons Bp Global Base Met Bear Plus 
HMF,YAHOO/TSX_HMF_A_TO,Horizons Auspice Managed Futures ETF Adv 
HMF,YAHOO/TSX_HMF_TO,Horizons Auspice Managed Futures ETF 
HMM,YAHOO/TSX_HMM_A_TO,Hammond Manufacturing Co Ltd 
HMU,YAHOO/TSX_HMU_TO,Horizons Bp Global Base Met Bull Plus 
HNC,YAHOO/TSX_HNC_TO,Hard Creek Nickel Corp.
HNC,YAHOO/TSX_HNC_TO,Hard Creek Nickel Corp. 
HNC,YAHOO/TSX_HNC_TO,Hard Creek Nickel Corporation
HND,YAHOO/TSX_HND_TO,Horizons Betapro Nymex Nat Gas Bear ETF 
HNL,YAHOO/TSX_HNL_TO,Horizon North Logistics Inc. 
HNO,YAHOO/TSX_HNO_TO,Hbp Long Nat Gas Short Crude Sp 
HNT,YAHOO/TSX_HNT_TO,Huntingdon Captial Corp 
HNU,YAHOO/TSX_HNU_TO,Horizons Beta Pro Nymex Nat Gas Bull ETF 
HNY,YAHOO/TSX_HNY_A_TO,Horizons Natural Gas Yield ETF Adv Class 
HNY,YAHOO/TSX_HNY_TO,Horizons Natural Gas Yield ETF 
HNZ,YAHOO/TSX_HNZ_A_TO,HNZ Group Inc. Cl A
HNZ,YAHOO/TSX_HNZ_B_TO,HNZ Group Inc. Cl B
HOC,YAHOO/TSX_HOC_TO,Heritage Oil Corp. 
HOD,YAHOO/TSX_HOD_TO,Horizon Beta Pro Nymex Crde Oil Bear ETF 
HON,YAHOO/TSX_HON_TO,Hbp Long Crude Short Nat Gas Sp 
HOT,YAHOO/TSX_HOT_UN_TO,American Hotel Income Properties REIT LP
HOU,YAHOO/TSX_HOU_TO,Horizon Betapro Nymex Crde Oil Bull ETF 
HOY,YAHOO/TSX_HOY_A_TO,Horizons Crude Oil Yield ETF Adv Class 
HOY,YAHOO/TSX_HOY_TO,Horizons Crude Oil Yield ETF 
HPR,YAHOO/TSX_HPR_TO,Horizons Preferred Share ETF 
HPS,YAHOO/TSX_HPS_A_TO,Hammond Power Solutions Inc. Cl A. Sv 
HQD,YAHOO/TSX_HQD_TO,Horizons Betapro Nasdaq100 Bear Plus ETF 
HQU,YAHOO/TSX_HQU_TO,Horizons Betapro Nasdaq100 Bull Plus ETF 
HR,YAHOO/TSX_HR_UN_TO,H&R Real Estate Inv Trust 
HRG,YAHOO/TSX_HRG_TO,High River Gold J 
HRR,YAHOO/TSX_HRR_UN_TO,Australian REIT Income Fund
HRT,YAHOO/TSX_HRT_TO,Harte Gold Corp 
HRX,YAHOO/TSX_HRX_TO,Heroux-Devtek 
HSD,YAHOO/TSX_HSD_TO,Horizons Betapro S&P 500R Bear Plus ETF 
HSE,YAHOO/TSX_HSE_TO,Husky Energy Inc. 
HSL,YAHOO/TSX_HSL_TO,Hse Integrated Ltd. 
HSU,YAHOO/TSX_HSU_TO,Horizons Betapro S&P 500R Bull Plus ETF 
HTD,YAHOO/TSX_HTD_TO,Horizons Betapro U.To 30 Yr Bear Plus ETF 
HTU,YAHOO/TSX_HTU_TO,Horizons Betapro U.To 30 Yr Bull Plus ETF 
HUC,YAHOO/TSX_HUC_TO,Horizons Wt Nymex Crude Oil ETF 
HUG,YAHOO/TSX_HUG_TO,Horizons Comex Gold ETF 
HUK,YAHOO/TSX_HUK_TO,Horizons Comex Copper ETF 
HUN,YAHOO/TSX_HUN_TO,Horizons Wt Nymex Nat Gas ETF 
HUT,YAHOO/TSX_HUT_A_TO,Horizons Universa Cdn Black Swa 
HUT,YAHOO/TSX_HUT_TO,Horizons Universa Cdn Black Swa 
HUV,YAHOO/TSX_HUV_TO,Horizons Bp Sp500 VIX ST Futures ETF 
HUZ,YAHOO/TSX_HUZ_TO,Horizons Comex Silver ETF 
HVI,YAHOO/TSX_HVI_TO,Horizons Bp Sp500 VIX ST Fut Inv ETF 
HVU,YAHOO/TSX_HVU_TO,Horizons Bp Sp500 VIX ST Fut Bull Plus 
HW,YAHOO/TSX_HW_TO,Harry Winston Diamond Corporation 
HWD,YAHOO/TSX_HWD_TO,Hardwoods Distribution Inc 
HWO,YAHOO/TSX_HWO_TO,High Arctic Energy Services Inc. 
HXD,YAHOO/TSX_HXD_TO,Horizons Betapro S&P/Tsx60 Bear Plus ETF 
HXS,YAHOO/TSX_HXS_TO,Horizons Sp500 Index Cdn Hedged ETF 
HXT,YAHOO/TSX_HXT_TO,Horizons Sp Tsx60 Index ETF 
HXU,YAHOO/TSX_HXU_TO,Horizons Betapro S&P/Tsx60 Bull Plus ETF 
HYB,YAHOO/TSX_HYB_UN_TO,Ddj High Yield Fund 
HYD,YAHOO/TSX_HYD_TO,Hyduke Energy Services Inc. 
HYG,YAHOO/TSX_HYG_TO,Hydrogenics Corporation 
HYI,YAHOO/TSX_HYI_A_TO,Horizons High Yield Bd ETF Adv 
HYI,YAHOO/TSX_HYI_TO,Horizons High Yield Bd ETF 
HZD,YAHOO/TSX_HZD_TO,Horizons Bp Comex Silver Bear Plus ETF 
HZM,YAHOO/TSX_HZM_TO,Horizonte Minerals Plc 
HZU,YAHOO/TSX_HZU_TO,Horizons Bp Comex Silver Bull Plus ETF 
HZY,YAHOO/TSX_HZY_A_TO,Horizons Silver Yield ETF Adv Class 
HZY,YAHOO/TSX_HZY_TO,Horizons Silver Yield ETF 
I,YAHOO/TSX_I_TO,Intellipharmaceutics International Inc. 
IAE,YAHOO/TSX_IAE_TO,Ithaca Energy Inc. 
IAG,YAHOO/TSX_IAG_TO,Industrial Alliance Ins & Fin Srv Inc 
IAM,YAHOO/TSX_IAM_TO,Integrated Asset Management Corp. 
IAU,YAHOO/TSX_IAU_TO,Intrepid Mines Ltd. 
IBG,YAHOO/TSX_IBG_TO,Ibi Group Inc. 
ICE,YAHOO/TSX_ICE_TO,Canlan ICE Sports Corp. 
ICI,YAHOO/TSX_ICI_TO,Inter-Citic Minerals Inc. 
ICP,YAHOO/TSX_ICP_TO,Ic Potash Corp 
ICS,YAHOO/TSX_ICS_TO,Intrinsyc Software International Inc. 
IDC,YAHOO/TSX_IDC_TO,Intl Datacasting J 
IDG,YAHOO/TSX_IDG_TO,Indigo Books & Music Inc. 
IDL,YAHOO/TSX_IDL_TO,Imaging Dynamics Company Ltd 
IDX,YAHOO/TSX_IDX_UN_TO,Indexplus Income Fund. 
IE,YAHOO/TSX_IE_TO,Ivanhoe Energy 
IFC,YAHOO/TSX_IFC_TO,Intact Financial Corporation 
IFP,YAHOO/TSX_IFP_A_TO,International Forest Products Ltd.Cl.A 
IGM,YAHOO/TSX_IGM_TO,Igm Financial Inc. 
IGT,YAHOO/TSX_IGT_TO,Ishares Gold Trust 
III,YAHOO/TSX_III_TO,Imperial Metals Corp 
IIP,YAHOO/TSX_IIP_UN_TO,Interrent Real Estate Investment Trust 
IM,YAHOO/TSX_IM_TO,Imris Inc. 
IMG,YAHOO/TSX_IMG_TO,Iamgold Corp 
IMN,YAHOO/TSX_IMN_TO,Inmet Mng Corp 
IMO,YAHOO/TSX_IMO_TO,Imperial Oil 
IMP,YAHOO/TSX_IMP_TO,Intermap Tech Corp. 
IMX,YAHOO/TSX_IMX_TO,Imax Corp 
IMZ,YAHOO/TSX_IMZ_TO,International Minerals Corporation 
INC,YAHOO/TSX_INC_UN_TO,Income Fin Un 
INE,YAHOO/TSX_INE_TO,Innergex Renewable Energy Inc. 
INN,YAHOO/TSX_INN_UN_TO,Innvest Real Estate Investment Trust 
INO,YAHOO/TSX_INO_UN_TO,Inovalis Real Estate Investment Trust
INQ,YAHOO/TSX_INQ_TO,Inscape Corp 
INV,YAHOO/TSX_INV_TO,Inv Metals Inc. 
IPL,YAHOO/TSX_IPL_UN_TO,Inter Pipeline Fund 
IRD,YAHOO/TSX_IRD_TO,Intl Road Dynam 
IRG,YAHOO/TSX_IRG_TO,Imvescor Restaurant Group Inc. 
IRL,YAHOO/TSX_IRL_TO,Minera Irl Limited 
ISA,YAHOO/TSX_ISA_TO,Isotechnika Pharma Inc. 
ISM,YAHOO/TSX_ISM_TO,Inspiration Mining Corporation 
ISN,YAHOO/TSX_ISN_TO,Insignia Energy Ltd. 
ISV,YAHOO/TSX_ISV_TO,Information Services Corp.
IT,YAHOO/TSX_IT_TO,The Intertain Group Ltd.
ITH,YAHOO/TSX_ITH_TO,International Tower Hill Mines Ltd 
ITP,YAHOO/TSX_ITP_TO,Intertape Polymer 
IVA,YAHOO/TSX_IVA_TO,Ivanhoe Australia Ltd 
IVN,YAHOO/TSX_IVN_TO,Ivanhoe Mines Ltd.
IVW,YAHOO/TSX_IVW_TO,Ivernia Inc 
JAG,YAHOO/TSX_JAG_TO,Jaguar Mining Inc. 
JCT,YAHOO/TSX_JCT_TO,Jewett-Cameron Tra Com Npv 
JDN,YAHOO/TSX_JDN_TO,Jayden Resources Inc 
JDU,YAHOO/TSX_JDU_TO,Jds Uniphase Canada Ltd. 
JE,YAHOO/TSX_JE_TO,Just Energy Group Inc 
JEC,YAHOO/TSX_JEC_TO,Jura Energy Corp. 
JFC,YAHOO/TSX_JFC_TO,Jaguar Financialcorp. 
JOV,YAHOO/TSX_JOV_TO,Jovian Capital Corporation 
JOY,YAHOO/TSX_JOY_TO,Journey Energy Inc.
K,YAHOO/TSX_K_TO,Kinross Gold Corp. 
KAT,YAHOO/TSX_KAT_TO,Katanga Mining Limited 
KBL,YAHOO/TSX_KBL_TO,Kbro Linen Inc. 
KBR,YAHOO/TSX_KBR_TO,Kimber Res Inc. 
KDX,YAHOO/TSX_KDX_TO,Klondex Mines Ltd. 
KEG,YAHOO/TSX_KEG_UN_TO,Keg Royalties Income Fund
KEL,YAHOO/TSX_KEL_TO,Kelt Exploration Inc.
KEL,YAHOO/TSX_KEL_TO,Kelt Exploration Ltd.
KEY,YAHOO/TSX_KEY_TO,Keyera Corp 
KFS,YAHOO/TSX_KFS_TO,Kingsway Fin 
KGI,YAHOO/TSX_KGI_TO,Kirkland Lake Gold Inc. 
KGN,YAHOO/TSX_KGN_TO,Keegan Resources Inc. 
KLS,YAHOO/TSX_KLS_TO,Kelso Technologies Inc.
KMP,YAHOO/TSX_KMP_TO,Killam Properties Inc. 
KOR,YAHOO/TSX_KOR_TO,Corvus Gold Inc 
KPT,YAHOO/TSX_KPT_TO,KP Tissue Inc.
KRE,YAHOO/TSX_KRE_UN_TO,Keyreit 
KRN,YAHOO/TSX_KRN_TO,Karnalyte Resources Inc 
KWH,YAHOO/TSX_KWH_UN_TO,Crius Energy Trust
KXF,YAHOO/TSX_KXF_TO,First Asset Dex Corp Bond Index 
KXS,YAHOO/TSX_KXS_TO,Kinaxis Inc.
L,YAHOO/TSX_L_TO,Loblaw Co 
LAC,YAHOO/TSX_LAC_TO,Lithium Americas Corp 
LAM,YAHOO/TSX_LAM_TO,Laramide Resources Ltd. 
LAS,YAHOO/TSX_LAS_A_TO,Lassonde Industries Inc. Cl A Sv 
LB,YAHOO/TSX_LB_TO,Laurentian Bank 
LBE,YAHOO/TSX_LBE_TO,Liberty Mines Inc. 
LBS,YAHOO/TSX_LBS_TO,Life & Banc Split Corp. 
LCS,YAHOO/TSX_LCS_TO,Brompton Lifeco Split Corp Class A 
LEG,YAHOO/TSX_LEG_TO,Legacy Oil And Gas Inc 
LEX,YAHOO/TSX_LEX_TO,Lexam VG Gold Inc 
LFE,YAHOO/TSX_LFE_TO,Canadian Life Companies Split Corp. 
LGC,YAHOO/TSX_LGC_TO,Luna Gold Corp.
LGT,YAHOO/TSX_LGT_A_TO,Logistec Corporation Cl.A Mv 
LGT,YAHOO/TSX_LGT_B_TO,Logistec Corporation Cl.B Sv 
LIF,YAHOO/TSX_LIF_UN_TO,Labrador Iron Ore Royalty Corporation 
LII,YAHOO/TSX_LII_TO,Logan International Inc 
LIM,YAHOO/TSX_LIM_TO,Labrador Iron Mines Holdings Limited 
LIP,YAHOO/TSX_LIP_TO,Lipari Energy Inc 
LIQ,YAHOO/TSX_LIQ_TO,Liquor Stores Na Ltd. 
LLL,YAHOO/TSX_LLL_TO,Lululemon Athletica Inc 
LMA,YAHOO/TSX_LMA_TO,La Mancha Resources Inc. 
LMP,YAHOO/TSX_LMP_TO,Lumenpulse Inc.
LN,YAHOO/TSX_LN_TO,Loncor Resources Inc.
LNF,YAHOO/TSX_LNF_TO,Leons Furniture 
LNR,YAHOO/TSX_LNR_TO,Linamar Corp 
LNV,YAHOO/TSX_LNV_TO,Longview Oil Corp 
LOR,YAHOO/TSX_LOR_TO,Lorus Therapeutics Inc. 
LPK,YAHOO/TSX_LPK_TO,Lupaka Gold Corp 
LPR,YAHOO/TSX_LPR_TO,Lone Pine Resources Inc 
LPV,YAHOO/TSX_LPV_UN_TO,Global Strat Lp Un 
LRE,YAHOO/TSX_LRE_TO,Long Run Exploration Inc.
LRT,YAHOO/TSX_LRT_UN_TO,Lanesborough R.E. Investment Trust 
LSA,YAHOO/TSX_LSA_TO,Lachlan Star Limited 
LSC,YAHOO/TSX_LSC_TO,Lifeco Split 
LSG,YAHOO/TSX_LSG_TO,Lake Shore Gold Corp. 
LSL,YAHOO/TSX_LSL_TO,Liberty Silver Corp 
LTS,YAHOO/TSX_LTS_TO,Lightstream Resources Ltd.
LUC,YAHOO/TSX_LUC_TO,Lucara Diamond Corp 
LUN,YAHOO/TSX_LUN_TO,Lundin Mining Corp. 
LUP,YAHOO/TSX_LUP_TO,Lundin Petroleum Ab 
LVN,YAHOO/TSX_LVN_TO,Levon Resources Ltd. 
LW,YAHOO/TSX_LW_TO,Leisureworld Senior Care Corp 
LWP,YAHOO/TSX_LWP_TO,Legumex Walker Inc 
LXF,YAHOO/TSX_LXF_A_TO,Can 60 Income Adv Class A ETF 
LXF,YAHOO/TSX_LXF_TO,Can 60 Income ETF 
LYD,YAHOO/TSX_LYD_TO,Lydian International Limited 
MA,YAHOO/TSX_MA_TO,Manac Inc.
MAA,YAHOO/TSX_MAA_TO,Magindustries Corp. 
MAG,YAHOO/TSX_MAG_TO,Mag Silver Corp. 
MAL,YAHOO/TSX_MAL_TO,Magellan Aero 
MAQ,YAHOO/TSX_MAQ_TO,Mcewen Mining Minera Andes Acq Corp 
MAR,YAHOO/TSX_MAR_TO,Primary Corp 
MAW,YAHOO/TSX_MAW_TO,Mawson Resources Ltd. 
MAX,YAHOO/TSX_MAX_TO,Midas Gold Inc 
MAY,YAHOO/TSX_MAY_TO,Meadow Bay Gold Corporation 
MB,YAHOO/TSX_MB_TO,Mega Brandsinc. 
MB,YAHOO/TSX_MB_WT_TO,Mega Brands Inc. Wts 
MBA,YAHOO/TSX_MBA_TO,Cibt Education Group Inc 
MBC,YAHOO/TSX_MBC_TO,Mbac Fertilizer Corp. 
MBN,YAHOO/TSX_MBN_TO,Middlefield Bancp Com Npv 
MBT,YAHOO/TSX_MBT_TO,Manitoba Telecom 
MBX,YAHOO/TSX_MBX_TO,Microbix J 
MCB,YAHOO/TSX_MCB_TO,Mccoy Corporation 
MCZ,YAHOO/TSX_MCZ_TO,Mad Catz Interactive Inc. 
MDA,YAHOO/TSX_MDA_TO,Macdonald Dettwiler 
MDF,YAHOO/TSX_MDF_TO,Mediagrif Interac 
MDG,YAHOO/TSX_MDG_TO,Medicago Inc 
MDI,YAHOO/TSX_MDI_TO,Major Drilling Grp 
MDM,YAHOO/TSX_MDM_TO,Mineral Deposits Limited 
MDN,YAHOO/TSX_MDN_TO,Mdninc. 
MDW,YAHOO/TSX_MDW_TO,Midway Gold Corp.
MDZ,YAHOO/TSX_MDZ_A_TO,Mdc Partners Inc. Cl .A Sv 
ME,YAHOO/TSX_ME_TO,Moneta Porcupine J 
MEG,YAHOO/TSX_MEG_TO,Meg Energy Corp. 
MEQ,YAHOO/TSX_MEQ_TO,Mainstreet Eq J 
MET,YAHOO/TSX_MET_TO,Metalore Resources Com Npv 
MFC,YAHOO/TSX_MFC_TO,Manulife Fin 
MFI,YAHOO/TSX_MFI_TO,Maple Leaf Foods 
MFR,YAHOO/TSX_MFR_UN_TO,Manulife FLoating Rate Senior
MFT,YAHOO/TSX_MFT_M_TO,Manulife Financial Capital Trust 
MG,YAHOO/TSX_MG_TO,Magna International Inc 
MGA,YAHOO/TSX_MGA_TO,Mega Uranium Ltd. 
MGO,YAHOO/TSX_MGO_TO,Migao Corporation 
MGT,YAHOO/TSX_MGT_TO,Mines Management Inc. 
MGX,YAHOO/TSX_MGX_TO,Mgm Energy Corp. 
MHR,YAHOO/TSX_MHR_TO,Mcgraw-Hill Ryerson 
MHY,YAHOO/TSX_MHY_UN_TO,Marret High Yield Strategies Fund
MIC,YAHOO/TSX_MIC_TO,Genworth Mi Canada Inc. 
MID,YAHOO/TSX_MID_UN_TO,Mint Income Fund 
MIG,YAHOO/TSX_MIG_UN_TO,Marret Investment Grade Bond Fund 
MIP,YAHOO/TSX_MIP_TO,Middlefield Income Plus II Corp 
MKP,YAHOO/TSX_MKP_TO,Mcan Mortgage Corporation 
MKZ,YAHOO/TSX_MKZ_UN_TO,Mackenzie Mstr Un 
ML,YAHOO/TSX_ML_TO,Mercator Minerals Ltd. 
MLG,YAHOO/TSX_MLG_TO,Malaga Inc. 
MLP,YAHOO/TSX_MLP_TO,Front Street MLP Income Fund 
MLQ,YAHOO/TSX_MLQ_TO,Front Street MLP In Fd II Ltd 
MM,YAHOO/TSX_MM_TO,Mood Media Corporation 
MMM,YAHOO/TSX_MMM_TO,Minco Gold Corporation 
MMN,YAHOO/TSX_MMN_UN_TO,Multi-Manager Unit 
MMP,YAHOO/TSX_MMP_UN_TO,Precious Metals And Mining Trust 
MMS,YAHOO/TSX_MMS_TO,Macarthur Minerals Limited 
MMT,YAHOO/TSX_MMT_TO,Mart Resources Inc.
MMW,YAHOO/TSX_MMW_TO,Magma Metals Limited 
MNB,YAHOO/TSX_MNB_TO,Mirabela Nickel Limited 
MND,YAHOO/TSX_MND_TO,Mandalay Resources Corporation 
MNR,YAHOO/TSX_MNR_TO,Mediterranean Resources Ltd. 
MNT,YAHOO/TSX_MNT_TO,Royal Canadian Mint 
MNW,YAHOO/TSX_MNW_TO,Mitel Networks Corporation 
MOL,YAHOO/TSX_MOL_TO,Moly Mines Limited 
MOZ,YAHOO/TSX_MOZ_TO,Marathon Gold Corporation 
MPC,YAHOO/TSX_MPC_C_TO,Madison Pacific Properties Inc. 
MPC,YAHOO/TSX_MPC_TO,Madison Pac Cl B 
MPI,YAHOO/TSX_MPI_TO,Metals Plus Income Corp 
MPM,YAHOO/TSX_MPM_TO,Markland Agf Precious Metals Corp. 
MPV,YAHOO/TSX_MPV_TO,Mountain Prov J 
MR,YAHOO/TSX_MR_UN_TO,Melcor REIT
MRC,YAHOO/TSX_MRC_TO,Morguard Corp. 
MRD,YAHOO/TSX_MRD_TO,Melcor Dev 
MRE,YAHOO/TSX_MRE_TO,Martinrea International Inc. 
MRG,YAHOO/TSX_MRG_UN_TO,Morguard Na Residential REIT Units 
MRN,YAHOO/TSX_MRN_TO,Marengo Mining Limited 
MRT,YAHOO/TSX_MRT_UN_TO,Morguard Un 
MRU,YAHOO/TSX_MRU_TO,Metro Inc. Cl.A Sv 
MRY,YAHOO/TSX_MRY_TO,Mariana Resources Ltd 
MSI,YAHOO/TSX_MSI_TO,Morneau Shepell Inc. 
MSL,YAHOO/TSX_MSL_TO,Merus Labs International Inc 
MSV,YAHOO/TSX_MSV_TO,Minco Silver Corp. 
MT,YAHOO/TSX_MT_TO,Miranda Technologies Inc. 
MTA,YAHOO/TSX_MTA_TO,Matrix Asset Management Inc 
MTG,YAHOO/TSX_MTG_TO,Timbercreek Sr Mortgage Investment Corp 
MTL,YAHOO/TSX_MTL_TO,Mullen Group Ltd. 
MTY,YAHOO/TSX_MTY_TO,Mty Food Group Inc 
MUX,YAHOO/TSX_MUX_TO,Mcewen Mining Inc 
MWE,YAHOO/TSX_MWE_TO,Mawson West Ltd 
MX,YAHOO/TSX_MX_TO,Methanex Corp 
MXF,YAHOO/TSX_MXF_A_TO,Can Materials Income ETF Adviso 
MXF,YAHOO/TSX_MXF_TO,Can Materials Income ETF 
MXG,YAHOO/TSX_MXG_TO,Maxim Power Corp. 
MYG,YAHOO/TSX_MYG_TO,Methylgene Inc. 
NA,YAHOO/TSX_NA_TO,National Bank Of Canada 
NAF,YAHOO/TSX_NAF_UN_TO,North Amer Finan Cap Sec TR 
NAL,YAHOO/TSX_NAL_TO,Newalta Corporation 
NAU,YAHOO/TSX_NAU_TO,Northland Resources S.A 
NBD,YAHOO/TSX_NBD_TO,Norbord Inc. 
NBD,YAHOO/TSX_NBD_WT_TO,Norbord Inc. Wts 
NBZ,YAHOO/TSX_NBZ_TO,Northern Blizzard Resources Inc.
NCC,YAHOO/TSX_NCC_A_TO,Newfoundland Capital Corp. Cl A Sv 
NCC,YAHOO/TSX_NCC_B_TO,Newfoundland Capital Corp. Cl B Mv 
NCD,YAHOO/TSX_NCD_UN_TO,North American Advantaged Convertibles Fund
NCF,YAHOO/TSX_NCF_TO,Northcliff Resources Ltd 
NCQ,YAHOO/TSX_NCQ_TO,Novacopper Inc 
NCU,YAHOO/TSX_NCU_TO,Nevada Copper Corp. 
ND,YAHOO/TSX_ND_TO,New Dawn Mining Corp. 
NDM,YAHOO/TSX_NDM_TO,Northern Dynasty Minerals Ltd. 
NDN,YAHOO/TSX_NDN_TO,Nordion Inc 
NDQ,YAHOO/TSX_NDQ_TO,Novadaq Technologies Inc. 
NEM,YAHOO/TSX_NEM_TO,Neo Material Technologies Inc. 
NEW,YAHOO/TSX_NEW_A_TO,Newgrowth Corp Cl'A' Cap Shs Np 
NFI,YAHOO/TSX_NFI_TO,New Flyer Industries Ids 
NFI,YAHOO/TSX_NFI_UN_TO,New Flyer Industries Ids 
NG,YAHOO/TSX_NG_TO,Novagold Res Inc. 
NGD,YAHOO/TSX_NGD_TO,New Gold Inc. 
NGI,YAHOO/TSX_NGI_UN_TO,NDX Growth and Income Fund
NGL,YAHOO/TSX_NGL_TO,Angle Energy Inc. 
NGQ,YAHOO/TSX_NGQ_TO,Ngex Resources Inc. 
NHC,YAHOO/TSX_NHC_TO,Northstar Healthcare Inc. 
NI,YAHOO/TSX_NI_TO,Victory Nickel Inc. 
NIC,YAHOO/TSX_NIC_TO,Pure Nickel Inc. 
NIF,YAHOO/TSX_NIF_UN_TO,Noranda Income Fund 
NII,YAHOO/TSX_NII_TO,Norsat Intl 
NIO,YAHOO/TSX_NIO_TO,Niocan Inc J 
NKO,YAHOO/TSX_NKO_TO,Niko Res 
NLN,YAHOO/TSX_NLN_TO,Neulion Inc. 
NM,YAHOO/TSX_NM_TO,Newcrest Mining Limited 
NMC,YAHOO/TSX_NMC_TO,Newmont Mining Corp. Of Cda Ltd. 
NML,YAHOO/TSX_NML_TO,New Millennium Iron Corp 
NNN,YAHOO/TSX_NNN_TO,Nimin Energy Corp. 
NOA,YAHOO/TSX_NOA_TO,North American Energy Partners Inc. 
NPC,YAHOO/TSX_NPC_TO,Allon Therapeutics Inc. 
NPF,YAHOO/TSX_NPF_UN_TO,North American Preferred Share Fund
NPI,YAHOO/TSX_NPI_TO,Northland Power Inc. 
NPK,YAHOO/TSX_NPK_TO,Verde Potash Plc 
NPR,YAHOO/TSX_NPR_UN_TO,Northern Property REIT 
NPS,YAHOO/TSX_NPS_TO,Northern Power Systems Corp.
NRE,YAHOO/TSX_NRE_TO,Namibia Rare Earths Inc 
NRF,YAHOO/TSX_NRF_UN_TO,North American REIT Income Fund
NRG,YAHOO/TSX_NRG_TO,Alter Nrg Corp. 
NRI,YAHOO/TSX_NRI_TO,Nuvo Research Inc. 
NSU,YAHOO/TSX_NSU_TO,Nevsun Res J 
NTB,YAHOO/TSX_NTB_TO,Neptune Technologies & Bioressources Inc 
NTI,YAHOO/TSX_NTI_TO,Northcore Technologies Inc. 
NUS,YAHOO/TSX_NUS_TO,Nautilus Minerals Inc. 
NUX,YAHOO/TSX_NUX_TO,New Pacific Metals Corp 
NVA,YAHOO/TSX_NVA_TO,Nuvista Energy Ltd. 
NVC,YAHOO/TSX_NVC_TO,Neovasc Inc.
NVR,YAHOO/TSX_NVR_TO,Nevada Iron Ltd.
NWC,YAHOO/TSX_NWC_TO,The North West Company Inc 
NWH,YAHOO/TSX_NWH_UN_TO,Northwest Healthcare Prop REIT 
NWI,YAHOO/TSX_NWI_TO,Nuinsco Res J 
NXC,YAHOO/TSX_NXC_TO,NEXC Partners Corp.
NXJ,YAHOO/TSX_NXJ_TO,Nexj Systems Inc 
NXY,YAHOO/TSX_NXY_TO,Nexen Inc. 
OBM,YAHOO/TSX_OBM_TO,Oban Mining Corporation
OCS,YAHOO/TSX_OCS_UN_TO,OCP Credit Strategy Fund
OCX,YAHOO/TSX_OCX_TO,Onex Corporation Sv 
OER,YAHOO/TSX_OER_TO,Oando Energy Resources Inc. 
OGC,YAHOO/TSX_OGC_TO,Oceanagold Corporation 
OGD,YAHOO/TSX_OGD_TO,Orbit Garant Drilling Inc. 
OGF,YAHOO/TSX_OGF_UN_TO,Aston Hill Oil And Gas Income Fund 
OLE,YAHOO/TSX_OLE_TO,Oromin Explorations Ltd. 
OLY,YAHOO/TSX_OLY_TO,Olympia Financial Group Inc.
OMG,YAHOO/TSX_OMG_TO,Opmedic Group Inc. 
OMI,YAHOO/TSX_OMI_TO,Orosur Mining Inc 
OMN,YAHOO/TSX_OMN_TO,Oracle Mining Corp 
ONC,YAHOO/TSX_ONC_TO,Oncolytics Bio 
ONE,YAHOO/TSX_ONE_TO,O1 Communique J 
ONR,YAHOO/TSX_ONR_TO,Open Range Energy Corp. 
OPM,YAHOO/TSX_OPM_TO,Opta Minerals Inc. 
OR,YAHOO/TSX_OR_TO,Osisko Gold Royalties Ltd.
ORA,YAHOO/TSX_ORA_TO,Aura Mineralsinc. 
ORE,YAHOO/TSX_ORE_TO,Orezone Gold Corporation 
ORL,YAHOO/TSX_ORL_TO,Orocobre Limited 
ORT,YAHOO/TSX_ORT_TO,Orbite V.S.P.A. Inc. [Exploration] 
ORV,YAHOO/TSX_ORV_TO,Orvana Minerals J 
OSK,YAHOO/TSX_OSK_TO,Osisko Mining Corporation 
OSL,YAHOO/TSX_OSL_UN_TO,OCP Senior Credit Fund
OSU,YAHOO/TSX_OSU_TO,Orsu Metals Corporation 
OTC,YAHOO/TSX_OTC_TO,Open Text Corp 
OUY,YAHOO/TSX_OUY_UN_TO,O'Leary U.S. Strategic Yield Advantaged Fund
OXC,YAHOO/TSX_OXC_TO,Oryx Petroleum Corporation Ltd.
OXF,YAHOO/TSX_OXF_A_TO,First Asset Can-Energy Covered 
OXF,YAHOO/TSX_OXF_TO,Can Energy Income ETF 
OYM,YAHOO/TSX_OYM_TO,Olympus Pacific Minerals Inc. 
P,YAHOO/TSX_P_TO,Primero Mining Corp 
P,YAHOO/TSX_P_WT_TO,Primero Mining Corp Wts 
PAA,YAHOO/TSX_PAA_TO,Pan American J 
PAP,YAHOO/TSX_PAP_A_TO,Paulin H & Co Ltd Cl A 
PAR,YAHOO/TSX_PAR_UN_TO,Partners REIT 
PAT,YAHOO/TSX_PAT_TO,Patagonia Gold Plc 
PBG,YAHOO/TSX_PBG_TO,Petrobank J 
PBH,YAHOO/TSX_PBH_TO,Premium Brands Holdings Corporation 
PBL,YAHOO/TSX_PBL_TO,Pollard Banknote Limited 
PBN,YAHOO/TSX_PBN_TO,Petrobakken Energy Ltd 
PBO,YAHOO/TSX_PBO_TO,Ipath Pure Beta Crude Oil CAD 
PCE,YAHOO/TSX_PCE_TO,Pace Oil And Gas Ltd 
PCU,YAHOO/TSX_PCU_UN_TO,Premier Canadian Income Fund
PCY,YAHOO/TSX_PCY_TO,Prophecy Coal Corp 
PD,YAHOO/TSX_PD_TO,Precision Drilling Corporation 
PDC,YAHOO/TSX_PDC_TO,Powershares Cdn Div Idx ETF 
PDL,YAHOO/TSX_PDL_TO,N A Palladium 
PDN,YAHOO/TSX_PDN_TO,Paladin Energy Ltd. 
PDV,YAHOO/TSX_PDV_TO,Prime Dividend Corp. Cl A 
PEG,YAHOO/TSX_PEG_TO,Pattern Energy Group Inc.
PEY,YAHOO/TSX_PEY_TO,Peyto Exploration And Dvlpmnt Corp. 
PFB,YAHOO/TSX_PFB_TO,Pfb Corp 
PFH,YAHOO/TSX_PFH_TO,Powershares HY Corp Bond Idx ETF 
PFN,YAHOO/TSX_PFN_TO,Pacific North West Capital Corp. 
PFR,YAHOO/TSX_PFR_UN_TO,Advantaged Preferred Share Trust 
PG,YAHOO/TSX_PG_TO,Premier Gold Mines Ltd. 
PGD,YAHOO/TSX_PGD_TO,Peregrine Diamonds Ltd. 
PGF,YAHOO/TSX_PGF_TO,Pengrowth Energy Corporation 
PGI,YAHOO/TSX_PGI_UN_TO,PIMCO Global Income Opportunities Fund
PGL,YAHOO/TSX_PGL_TO,Powershares Ultra Dlux Lt Govt Bd ETF 
PHD,YAHOO/TSX_PHD_TO,Phonetime Inc 
PHX,YAHOO/TSX_PHX_TO,Phx Energy Services Corp. 
PHYS,YAHOO/TSX_PHYS_TO,Sprott Physical Gold Trust
PIC,YAHOO/TSX_PIC_A_TO,Premium Income A 
PIH,YAHOO/TSX_PIH_TO,Pacific Insight El Com Npv 
PIX,YAHOO/TSX_PIX_TO,Peer 1 Network Enterprises Inc 
PJC,YAHOO/TSX_PJC_A_TO,Jean Coutu Group [Pjc] Inc. Cl. A Sv 
PKI,YAHOO/TSX_PKI_TO,Parkland Fuel Corporation 
PKL,YAHOO/TSX_PKL_TO,Pc Gold Inc. 
PLB,YAHOO/TSX_PLB_TO,Paladin Labs J 
PLG,YAHOO/TSX_PLG_TO,Pilot Gold Inc 
PLI,YAHOO/TSX_PLI_TO,Prometic Life Sciences Inc. 
PLS,YAHOO/TSX_PLS_TO,Polaris Minerals Corporation 
PLT,YAHOO/TSX_PLT_UN_TO,Parallel Energy Trust
PLZ,YAHOO/TSX_PLZ_UN_TO,Plaza Retail REIT
PME,YAHOO/TSX_PME_TO,Sentry Select Primary Metals Corp. 
PMG,YAHOO/TSX_PMG_TO,Petrominerales Ltd. 
PMT,YAHOO/TSX_PMT_TO,Perpetual Energy Inc. 
PMU,YAHOO/TSX_PMU_TO,Pacific Rim Mining Corp. 
PMZ,YAHOO/TSX_PMZ_UN_TO,Primaris Retail R.E. Invest. Tr. Units 
PN,YAHOO/TSX_PN_TO,Pni Digital Media Inc 
PNC,YAHOO/TSX_PNC_A_TO,Postmedia Network Canada Corp 
PNC,YAHOO/TSX_PNC_B_TO,Postmedia Network Canada Corp 
PNP,YAHOO/TSX_PNP_TO,Pinetree Capital Ltd 
POL,YAHOO/TSX_POL_TO,Polo Resources Limited 
POM,YAHOO/TSX_POM_TO,Polymet Mining Corp. 
POT,YAHOO/TSX_POT_TO,Potash Corp Of Sask Inc 
POU,YAHOO/TSX_POU_TO,Paramount Resources Ltd. 
POW,YAHOO/TSX_POW_TO,Power Corporation Of Canada Sv 
PPL,YAHOO/TSX_PPL_TO,Pembina Pipeline Corporation 
PPS,YAHOO/TSX_PPS_TO,Powershares Cdn Pref Share Idx ETF 
PPY,YAHOO/TSX_PPY_TO,Painted Pony Petroleum Ltd.
PRE,YAHOO/TSX_PRE_TO,Pacific Rubiales Energy Corp. 
PRI,YAHOO/TSX_PRI_TO,Primary Energy Recycling Corp 
PRK,YAHOO/TSX_PRK_TO,Potash Ridge Corp.
PRP,YAHOO/TSX_PRP_TO,Prosep Inc. 
PRQ,YAHOO/TSX_PRQ_TO,Progress Energy Resources Corp. 
PRT,YAHOO/TSX_PRT_TO,Prt Growing Services Ltd 
PRU,YAHOO/TSX_PRU_TO,Perseus Mining Limited 
PRW,YAHOO/TSX_PRW_TO,Petrowest Corporation 
PSB,YAHOO/TSX_PSB_TO,Pwrshrs 1 To 5 Yrladder Inv Grd Bd ETF 
PSD,YAHOO/TSX_PSD_TO,Pulse Seismic Inc. 
PSG,YAHOO/TSX_PSG_TO,Performance Sports Group Ltd.
PSI,YAHOO/TSX_PSI_TO,Pason Systems Inc. 
PSK,YAHOO/TSX_PSK_TO,PrairieSky Royalty Ltd.
PSN,YAHOO/TSX_PSN_TO,Poseidon Concepts Corp 
PSR,YAHOO/TSX_PSR_TO,Polar Star Mining Corporation 
PSV,YAHOO/TSX_PSV_TO,Pure Energy Services Ltd. 
PTI,YAHOO/TSX_PTI_TO,Patheon Inc 
PTM,YAHOO/TSX_PTM_TO,Platinum Group Metals Ltd. 
PTQ,YAHOO/TSX_PTQ_TO,Petaquilla Minerals Ltd. 
PTS,YAHOO/TSX_PTS_TO,Points International Ltd. 
PTZ,YAHOO/TSX_PTZ_TO,Pethealth Inc 
PUR,YAHOO/TSX_PUR_TO,Pure Technologies Ltd.
PVG,YAHOO/TSX_PVG_TO,Pretium Resources Inc. 
PWB,YAHOO/TSX_PWB_TO,Pacific & Western Bank of Canada
PWC,YAHOO/TSX_PWC_TO,Pacific & Wstrn 
PWE,YAHOO/TSX_PWE_TO,Powertech Uranium Corp. 
PWF,YAHOO/TSX_PWF_TO,Power Financial Corp. 
PWT,YAHOO/TSX_PWT_TO,Penn West Petroleum Ltd. 
PXC,YAHOO/TSX_PXC_TO,Powershr FTSE Rafi CAD Idx ETF 
PXT,YAHOO/TSX_PXT_TO,Parex Resources Inc 
PXU,YAHOO/TSX_PXU_TO,Powershr FTSE Rafi US Idx ETF 
PXX,YAHOO/TSX_PXX_TO,Blackpearl Resources Inc. 
PYC,YAHOO/TSX_PYC_TO,Primary Corp 
PZA,YAHOO/TSX_PZA_UN_TO,Pizza Pizza Royalty Income Fund 
PZG,YAHOO/TSX_PZG_TO,Paramount Gold And Silver Corp 
QBR,YAHOO/TSX_QBR_A_TO,Quebecor Inc. Cl.A Mv 
QBR,YAHOO/TSX_QBR_B_TO,Quebecor Inc. Cl.B Sv 
QEC,YAHOO/TSX_QEC_TO,Questerre Energy Corp 
QLT,YAHOO/TSX_QLT_TO,Qlt Inc 
QMI,YAHOO/TSX_QMI_TO,Queenston Mng 
QMX,YAHOO/TSX_QMX_TO,Qmx Gold Corporation 
QQC,YAHOO/TSX_QQC_TO,Powershares QQQ CAD Hdg Idx ETF 
QRM,YAHOO/TSX_QRM_TO,Quest Rare Minerals Ltd 
QXM,YAHOO/TSX_QXM_A_TO,XTF Morningstar Nb Quebec AC ETF 
QXM,YAHOO/TSX_QXM_TO,XTF Morningstar Nb Quebec ETF 
R,YAHOO/TSX_R_TO,Romarco Minerals Inc. 
RAV,YAHOO/TSX_RAV_UN_TO,Ravensource Fund Trust Units 
RBA,YAHOO/TSX_RBA_TO,Ritchie Bros Auctioneers Inc. 
RBI,YAHOO/TSX_RBI_TO,RB Energy
RBM,YAHOO/TSX_RBM_TO,Response Biomedical Corp. 
RBN,YAHOO/TSX_RBN_UN_TO,Blue Ribbon Income Fund
RBS,YAHOO/TSX_RBS_TO,R Split III Unit
RC,YAHOO/TSX_RC_TO,Rdm Corp 
RCB,YAHOO/TSX_RCB_TO,Red Crescent Resources Limited 
RCH,YAHOO/TSX_RCH_TO,Richelieu Hardware 
RCI,YAHOO/TSX_RCI_A_TO,Rogers Communications Inc. Cl.A Mv 
RCI,YAHOO/TSX_RCI_B_TO,Rogers Communications Inc. Cl.B Nv 
RCL,YAHOO/TSX_RCL_TO,Ridley Inc 
RCO,YAHOO/TSX_RCO_UN_TO,Middlefield Can-Global REIT Income Fund
RDI,YAHOO/TSX_RDI_TO,Rockwell Diamonds Inc 
RDK,YAHOO/TSX_RDK_TO,Redhawk Resources Inc 
RDL,YAHOO/TSX_RDL_TO,Redline Communications Group Inc. 
RE,YAHOO/TSX_RE_TO,Rock Energy Inc. 
REF,YAHOO/TSX_REF_UN_TO,Cdn Real Estate Un 
REI,YAHOO/TSX_REI_UN_TO,Riocan Real Est Un 
REN,YAHOO/TSX_REN_TO,Renaissance Gold Inc 
RES,YAHOO/TSX_RES_TO,Rare Element Resources Ltd 
RET,YAHOO/TSX_RET_A_TO,Reitmans [Canada] Ltd. Cl.A Nv 
RET,YAHOO/TSX_RET_TO,Reitmans Canada 
REZ,YAHOO/TSX_REZ_TO,Redzone Resources Ltd 
RFP,YAHOO/TSX_RFP_TO,Resolute Forest Products Inc 
RGL,YAHOO/TSX_RGL_TO,Royal Gold J 
RGT,YAHOO/TSX_RGT_TO,Rockgate Capital Corp 
RGX,YAHOO/TSX_RGX_TO,Argex Titanium Inc.
RI,YAHOO/TSX_RI_TO,Reliance Resources Limited 
RIC,YAHOO/TSX_RIC_TO,Richmont Mines 
RIM,YAHOO/TSX_RIM_TO,Research In Motion Limited 
RIN,YAHOO/TSX_RIN_TO,Resinco Capital Partners Inc. 
RIO,YAHOO/TSX_RIO_TO,Rio Alto Mining Limited 
RKN,YAHOO/TSX_RKN_TO,Redknee Solutions Inc. 
RLC,YAHOO/TSX_RLC_TO,Regal Lifestyle Communities Inc.
RME,YAHOO/TSX_RME_TO,Rocky Mountain Dealerships Inc. 
RMM,YAHOO/TSX_RMM_UN_TO,Retrocom Mid-Market Rl Est In Trust 
RMP,YAHOO/TSX_RMP_TO,Rmp Energy Inc 
RMX,YAHOO/TSX_RMX_TO,Rubicon Minerals Corp. 
RN,YAHOO/TSX_RN_TO,Rio Novo Gold Inc 
RN,YAHOO/TSX_RN_WT_TO,Rio Novo Gold Inc Warrants 
RNK,YAHOO/TSX_RNK_TO,Rainmaker Entertainment Inc. 
RNW,YAHOO/TSX_RNW_TO,TransAlta Renewables Inc.
RNX,YAHOO/TSX_RNX_TO,Royal Nickel Corporation 
RON,YAHOO/TSX_RON_TO,Rona Inc. 
RPG,YAHOO/TSX_RPG_TO,Ram Power Corp. 
RPI,YAHOO/TSX_RPI_UN_TO,Richards Packaging Income Fund 
RQA,YAHOO/TSX_RQA_TO,RBC Target 2013 Corp Bond Index ETF 
RQB,YAHOO/TSX_RQB_TO,RBC Target 2014 Corp Bond Index ETF 
RQC,YAHOO/TSX_RQC_TO,RBC Target 2015 Corp Bond Index ETF 
RQD,YAHOO/TSX_RQD_TO,RBC Target 2016 Corp Bond Index ETF 
RQE,YAHOO/TSX_RQE_TO,RBC Target 2017 Corp Bond Index ETF 
RQF,YAHOO/TSX_RQF_TO,RBC Target 2018 Corp Bond ETF 
RQG,YAHOO/TSX_RQG_TO,RBC Target 2019 Corp Bond ETF 
RQH,YAHOO/TSX_RQH_TO,RBC Target 2020 Corp Bond ETF 
RR,YAHOO/TSX_RR_TO,Rainy River Resources Ltd 
RRF,YAHOO/TSX_RRF_UN_TO,Raven Rock Strategic Income Fund
RRX,YAHOO/TSX_RRX_TO,Raging River Exploration Inc.
RSC,YAHOO/TSX_RSC_TO,Strateco Resources Inc. 
RSI,YAHOO/TSX_RSI_TO,Rogers Sugar Inc 
RTCM,YAHOO/TSX_RTCM_TO,TSX Income Trust Index 
RTG,YAHOO/TSX_RTG_TO,Ratel Group Limited Com 
RTK,YAHOO/TSX_RTK_TO,Artek Exploration Ltd 
RTRE,YAHOO/TSX_RTRE_TO,TSX REIT Capped Index 
RTU,YAHOO/TSX_RTU_UN_TO,Cdn Resources Un 
RUS,YAHOO/TSX_RUS_TO,Russel Metals 
RUT,YAHOO/TSX_RUT_TO,Rutter Inc. 
RV,YAHOO/TSX_RV_TO,Revolution Resources Corp. 
RVD,YAHOO/TSX_RVD_TO,Rio Verde Minerals Develop Corp 
RVM,YAHOO/TSX_RVM_TO,Revett Minerals Inc. 
RVX,YAHOO/TSX_RVX_TO,Resverlogix Corp. 
RXM,YAHOO/TSX_RXM_TO,Rockex Mining Corporation 
RY,YAHOO/TSX_RY_TO,Royal Bank Of Canada 
RYL,YAHOO/TSX_RYL_TO,Royal Host Inc 
S,YAHOO/TSX_S_TO,Sherritt Intl Rv 
SAC,YAHOO/TSX_SAC_TO,South American Silver Corp. 
SAM,YAHOO/TSX_SAM_TO,Starcore International Mines Ltd. 
SAP,YAHOO/TSX_SAP_TO,Saputo Inc. 
SAS,YAHOO/TSX_SAS_TO,St. Andrew Goldfields Ltd. 
SAU,YAHOO/TSX_SAU_TO,ST Augustine Gold And Copper Ltd 
SBB,YAHOO/TSX_SBB_TO,Sabina Gold And Silver Corp 
SBC,YAHOO/TSX_SBC_TO,Brompton Split Banc Corp. Cl A 
SBI,YAHOO/TSX_SBI_TO,Serabi Mining Plc Ord 
SBN,YAHOO/TSX_SBN_TO,S Split Corp. Cl.A 
SBR,YAHOO/TSX_SBR_TO,Silver Bear Resources Inc. 
SC,YAHOO/TSX_SC_TO,Shoppers Drug Mart Corporation 
SCC,YAHOO/TSX_SCC_TO,Sears Canada Inc 
SCI,YAHOO/TSX_SCI_UN_TO,Sciti Rocs Trust 
SCL,YAHOO/TSX_SCL_A_TO,Shawcor Ltd. Cl.A Sv 
SCL,YAHOO/TSX_SCL_B_TO,Shawcor Ltd. Cl.B Mv 
SCP,YAHOO/TSX_SCP_TO,Sprott Resourcecorp 
SCR,YAHOO/TSX_SCR_TO,Score Media Inc. Cl.A Sv 
SCS,YAHOO/TSX_SCS_TO,Second Wave Petroleum Inc 
SCU,YAHOO/TSX_SCU_TO,The Second Cup Ltd. 
SDI,YAHOO/TSX_SDI_TO,Spectral Diagnos 
SDY,YAHOO/TSX_SDY_TO,Strad Energy Services Ltd 
SEA,YAHOO/TSX_SEA_TO,Seabridge Gold Inc. 
SEC,YAHOO/TSX_SEC_TO,Senvest Capital 
SEN,YAHOO/TSX_SEN_TO,Winstar Resources Ltd.
SEQ,YAHOO/TSX_SEQ_TO,Shoreline Energy Corp 
SES,YAHOO/TSX_SES_TO,Secure Energy Services Inc. 
SGF,YAHOO/TSX_SGF_TO,Shore Gold Inc. 
SGL,YAHOO/TSX_SGL_TO,Spyglass Resources Corp.
SGQ,YAHOO/TSX_SGQ_TO,Southgobi Resources Ltd 
SGR,YAHOO/TSX_SGR_TO,San Gold Corp 
SGY,YAHOO/TSX_SGY_TO,Surge Energy Inc 
SHR,YAHOO/TSX_SHR_TO,Sure Energy Inc. 
SHS,YAHOO/TSX_SHS_TO,Sophiris Bio Inc 
SIF,YAHOO/TSX_SIF_UN_TO,Strategic Income Allocation Fund Units 
SII,YAHOO/TSX_SII_TO,Sprott Inc. 
SIL,YAHOO/TSX_SIL_TO,Sprott Resource Lending Corp 
SIN,YAHOO/TSX_SIN_UN_TO,Sciti Trust 
SIS,YAHOO/TSX_SIS_TO,Savaria Corp. 
SJ,YAHOO/TSX_SJ_TO,Stella Jones Inc 
SJR,YAHOO/TSX_SJR_B_TO,Shaw Communications Inc. Cl.B Nv 
SLF,YAHOO/TSX_SLF_TO,Sun Life Financial Inc. 
SLR,YAHOO/TSX_SLR_TO,Solitario Exploration & Royalty Corp. 
SLS,YAHOO/TSX_SLS_TO,Sl Split Corp. Capital Shares 
SLW,YAHOO/TSX_SLW_TO,Silver Wheaton Corp. 
SLX,YAHOO/TSX_SLX_TO,Silvermex Resources Inc. 
SMA,YAHOO/TSX_SMA_TO,Smart Technologies Inc. 
SMC,YAHOO/TSX_SMC_TO,Sulliden Mining Capital Inc.
SMF,YAHOO/TSX_SMF_TO,Semafo J 
SMT,YAHOO/TSX_SMT_TO,Sierra Metals Inc.
SMU,YAHOO/TSX_SMU_UN_TO,Summit Industrial Income REIT
SMX,YAHOO/TSX_SMX_TO,Smtc Manufacturing Corp 
SNC,YAHOO/TSX_SNC_TO,Snc-Lavalin Sv 
SO,YAHOO/TSX_SO_TO,Softchoice Corp. 
SOQ,YAHOO/TSX_SOQ_TO,Sonde Resources Corp 
SOX,YAHOO/TSX_SOX_TO,Stuart OIson Inc.
SOY,YAHOO/TSX_SOY_TO,Sunopta Inc. 
SPB,YAHOO/TSX_SPB_TO,Superior Plus Corp. 
SPD,YAHOO/TSX_SPD_TO,Silver Predator Corp 
SPE,YAHOO/TSX_SPE_TO,Spartan Energy Corp.
SPM,YAHOO/TSX_SPM_TO,Scorpio Mining Corp. 
SPT,YAHOO/TSX_SPT_TO,Stockport Exploration Inc 
SPZ,YAHOO/TSX_SPZ_TO,Sprott Power Corp 
SQP,YAHOO/TSX_SQP_TO,Strongco Corporation 
SQZ,YAHOO/TSX_SQZ_TO,Serica Energy Plc 
SRF,YAHOO/TSX_SRF_TO,Sun-Rype Products 
SRT,YAHOO/TSX_SRT_UN_TO,Slate Retail REIT
SRU,YAHOO/TSX_SRU_TO,Starfield Resources Inc. 
SSF,YAHOO/TSX_SSF_UN_TO,Symphony Floating Rate Senior Loan Fund
SSL,YAHOO/TSX_SSL_TO,Sandstorm Gold Ltd.
SSO,YAHOO/TSX_SSO_TO,Silver Standard Res Inc. 
SST,YAHOO/TSX_SST_TO,Ipath US Treasury Steepener ETN 
ST,YAHOO/TSX_ST_TO,Stonegate Agricom Ltd 
STB,YAHOO/TSX_STB_TO,Student Transportation Inc. 
STM,YAHOO/TSX_STM_TO,Strathmore Minerals Corp. 
STN,YAHOO/TSX_STN_TO,Stantec Inc 
STNC,YAHOO/TSX_STNC_TO,S&P/TSX North American Pref Stock Index 
STNU,YAHOO/TSX_STNU_TO,S&P/TSX North American Pref Stock Index 
STO,YAHOO/TSX_STO_TO,Spartan Oil Corp 
STP,YAHOO/TSX_STP_TO,Southern Pacific Resource Corp 
STQ,YAHOO/TSX_STQ_E_TO,Income Streams 111 Corp Equity Shares 
STQ,YAHOO/TSX_STQ_TO,Income Streams 111 Corp Capital Shares 
SU,YAHOO/TSX_SU_TO,Suncor Energy Inc. 
SUE,YAHOO/TSX_SUE_TO,Sulliden Gold Corporation Ltd 
SUM,YAHOO/TSX_SUM_TO,Solium Capital Inc. 
SUO,YAHOO/TSX_SUO_TO,Sunshine Oilsands Ltd.
SVB,YAHOO/TSX_SVB_TO,Silver Bull Resources Inc 
SVC,YAHOO/TSX_SVC_TO,Sandvine Corporation 
SVL,YAHOO/TSX_SVL_TO,SilverCrest Mines Inc.
SVM,YAHOO/TSX_SVM_TO,Silvercorp Metals Inc. 
SVY,YAHOO/TSX_SVY_TO,Savanna Energy Services Corp 
SW,YAHOO/TSX_SW_TO,Sierra Wireless 
SWD,YAHOO/TSX_SWD_TO,Sunward Resources Ltd 
SWH,YAHOO/TSX_SWH_TO,Sunwah International Limited 
SWI,YAHOO/TSX_SWI_TO,Swisher Hygiene Inc 
SWY,YAHOO/TSX_SWY_TO,Stornoway Diamond Corp. 
SXI,YAHOO/TSX_SXI_TO,Synex Intl Inc 
SXP,YAHOO/TSX_SXP_TO,Supremex Inc. 
T,YAHOO/TSX_T_A_TO,Telus Corporation Nv 
T,YAHOO/TSX_T_TO,Telus Corporation 
TA,YAHOO/TSX_TA_TO,Transalta Corporation 
TAO,YAHOO/TSX_TAO_TO,Tag Oil Ltd 
TBE,YAHOO/TSX_TBE_TO,Twin Butte Energy Ltd. 
TBL,YAHOO/TSX_TBL_TO,Taiga Building Products Ltd. 
TC,YAHOO/TSX_TC_TO,Tucows Inc Com Npv 
TCK,YAHOO/TSX_TCK_A_TO,Teck Resources Limited Cl A 
TCK,YAHOO/TSX_TCK_B_TO,Teck Resources Limited Cl B 
TCL,YAHOO/TSX_TCL_A_TO,Transcontinental Inc. Cl A Sv 
TCL,YAHOO/TSX_TCL_B_TO,Transcontinental Inc. Cl B Mv 
TCM,YAHOO/TSX_TCM_TO,Thompson Creek Metals Company Inc. 
TCN,YAHOO/TSX_TCN_TO,Tricon Capital Group Inc 
TCP,YAHOO/TSX_TCP_TO,Trident Performance Corp Class A 
TCS,YAHOO/TSX_TCS_TO,Tecsys Inc J 
TCT,YAHOO/TSX_TCT_UN_TO,Top 10 Canadian Financial Trust 
TCW,YAHOO/TSX_TCW_TO,Trican Well 
TCZ,YAHOO/TSX_TCZ_TO,Trident Performance Corp. II 
TD,YAHOO/TSX_TD_TO,Toronto-Dominion Bank 
TDG,YAHOO/TSX_TDG_TO,Trinidad Drilling Ltd. 
TDS,YAHOO/TSX_TDS_C_TO,TD Split Inc Class C Capital 
TEI,YAHOO/TSX_TEI_TO,Toscana Energy Income Corp.
TEL,YAHOO/TSX_TEL_TO,Tellza Communications Inc.
TET,YAHOO/TSX_TET_TO,Trilogy Energy Corp. 
TFI,YAHOO/TSX_TFI_TO,Transforce Inc. 
TGF,YAHOO/TSX_TGF_UN_TO,Timbercreek Global Real Estate Fund
TGL,YAHOO/TSX_TGL_TO,Transglobe Energy Corp 
TGO,YAHOO/TSX_TGO_TO,Terago Inc. 
TGS,YAHOO/TSX_TGS_TO,Tiger Resources Ltd [The Co.] 
TGZ,YAHOO/TSX_TGZ_TO,Teranga Gold Corporation 
TH,YAHOO/TSX_TH_TO,Theratechnologies 
THB,YAHOO/TSX_THB_TO,Powershares S&P/Tsx High Beta 
THI,YAHOO/TSX_THI_TO,Tim Hortons Inc. 
THO,YAHOO/TSX_THO_TO,Tahoe Resources Inc 
THR,YAHOO/TSX_THR_TO,Thundermin J 
TI,YAHOO/TSX_TI_UN_TO,Terravest Income Fund 
TID,YAHOO/TSX_TID_TO,Tuscany Intl Drilling Inc 
TIH,YAHOO/TSX_TIH_TO,Toromont Ind 
TIL,YAHOO/TSX_TIL_UN_TO,Tree Island Wire Income Fund 
TKM,YAHOO/TSX_TKM_TO,Tekmira Pharmaceuticals Corporation 
TKO,YAHOO/TSX_TKO_TO,Taseko Mines Ltd. 
TLB,YAHOO/TSX_TLB_TO,Occulogix Inc 
TLH,YAHOO/TSX_TLH_TO,Talison Lithium Limited 
TLM,YAHOO/TSX_TLM_TO,Talisman Energy Inc. 
TLN,YAHOO/TSX_TLN_TO,Thallion Pharmaceuticals Inc. 
TLO,YAHOO/TSX_TLO_TO,Talon Metals Corp. 
TLV,YAHOO/TSX_TLV_TO,Powershares Sp TSX Low Vol Idx ETF 
TMA,YAHOO/TSX_TMA_TO,Trimac Transportation Ltd.
TMB,YAHOO/TSX_TMB_TO,Tembec Inc. 
TMC,YAHOO/TSX_TMC_TO,Timbercreek Mtg Inv Corp 
TMD,YAHOO/TSX_TMD_TO,Titan Medical Inc.
TMI,YAHOO/TSX_TMI_TO,TriMetals Mining Inc.
TML,YAHOO/TSX_TML_TO,Treasury Metals Inc. 
TMM,YAHOO/TSX_TMM_TO,Timmins Gold Corp 
TN,YAHOO/TSX_TN_UN_TO,True North Apartment Real Estate Investment Trust
TNP,YAHOO/TSX_TNP_TO,Transatlantic Petroleum Ltd. 
TNT,YAHOO/TSX_TNT_UN_TO,True North Commercial REIT
TNX,YAHOO/TSX_TNX_TO,Tanzanian Royalty Exploration Corp. 
TOG,YAHOO/TSX_TOG_TO,TORC Oil & Gas Ltd.
TOR,YAHOO/TSX_TOR_TO,Triausmin Limited 
TOS,YAHOO/TSX_TOS_TO,Tso3 Inc 
TOT,YAHOO/TSX_TOT_TO,Total Energy Services Inc. 
TOU,YAHOO/TSX_TOU_TO,Tourmaline Oil Corp 
TPH,YAHOO/TSX_TPH_TO,Temple Hotels Inc.
TPK,YAHOO/TSX_TPK_TO,Ten Peaks Coffee Company Inc 
TPL,YAHOO/TSX_TPL_TO,Tethys Petroleum Limited 
TPS,YAHOO/TSX_TPS_TO,Turbo Power Systems Inc. 
TPX,YAHOO/TSX_TPX_A_TO,Molson Coors Canada Inc. Cl.A Lv 
TPX,YAHOO/TSX_TPX_B_TO,Molson Coors Canada Inc. Cl.B Nv 
TR,YAHOO/TSX_TR_UN_TO,Temple Real Estate Investment T 
TRF,YAHOO/TSX_TRF_UN_TO,First Asset Energy & Resource Fund. 
TRH,YAHOO/TSX_TRH_UN_TO,Triax Diversif Un 
TRI,YAHOO/TSX_TRI_TO,Thomson Reuters Corporation 
TRL,YAHOO/TSX_TRL_TO,Trimel Pharmaceuticals Corp 
TRP,YAHOO/TSX_TRP_TO,Transcanada Corp. 
TRQ,YAHOO/TSX_TRQ_TO,Turquoise Hill Resources Ltd. 
TRY,YAHOO/TSX_TRY_TO,Troy Resources Nl 
TRZ,YAHOO/TSX_TRZ_A_TO,Transat At Inc 
TS,YAHOO/TSX_TS_B_TO,Torstar Corp. Cl. B Nv 
TSL,YAHOO/TSX_TSL_TO,Tree Island Steel Ltd.
TT,YAHOO/TSX_TT_TO,Terra Energy Corp. 
TTCD,YAHOO/TSX_TTCD_TO,TSX Consumer Discretionary Capped Index 
TTCS,YAHOO/TSX_TTCS_TO,TSX Consumer Staples Capped Index 
TTEN,YAHOO/TSX_TTEN_TO,TSX Capped Energy Index 
TTFS,YAHOO/TSX_TTFS_TO,S&P/TSX Capped Financial 
TTGD,YAHOO/TSX_TTGD_TO,TSX Global Gold Index 
TTH,YAHOO/TSX_TTH_TO,Transition Therapeutics Inc 
TTHC,YAHOO/TSX_TTHC_TO,TSX Health Care Capped Index 
TTIN,YAHOO/TSX_TTIN_TO,TSX Industrials Capped Index 
TTMN,YAHOO/TSX_TTMN_TO,TSX Metals And Mining Capped Index 
TTMT,YAHOO/TSX_TTMT_TO,TSX Materials Capped Index 
TTRE,YAHOO/TSX_TTRE_TO,S&P/TSX Capped Real Estate 
TTTK,YAHOO/TSX_TTTK_TO,TSX Information Tech Capped Index 
TTTS,YAHOO/TSX_TTTS_TO,TSX Telecom Services Capped Index 
TTUT,YAHOO/TSX_TTUT_TO,TSX Utilities Capped Index 
TV,YAHOO/TSX_TV_TO,Trevali Mining Corporation 
TVA,YAHOO/TSX_TVA_B_TO,Tva Group Inc Class'B'Com Npv 
TVI,YAHOO/TSX_TVI_TO,Tvi Pacific J 
TVK,YAHOO/TSX_TVK_TO,TerraVest Capital Inc.
TWC,YAHOO/TSX_TWC_TO,TWC Enterprises Limited
TWT,YAHOO/TSX_TWT_TO,20-20 Technologies Inc. 
TX,YAHOO/TSX_TX_TO,Tuckamore Capital Management Inc 
TXBE,YAHOO/TSX_TXBE_TO,S&P/TSX Equal Weight Global Base Metals 
TXBM,YAHOO/TSX_TXBM_TO,S&P/TSX Globalbase Metals Index 
TXCE,YAHOO/TSX_TXCE_TO,TSX Composite Weight Index 
TXCT,YAHOO/TSX_TXCT_TO,S&P/TSX Clean Technology Index 
TXDC,YAHOO/TSX_TXDC_TO,S&P/TSX Composite Dividend Index 
TXDE,YAHOO/TSX_TXDE_TO,S&P/TSX Equal Weight Diversified Banks I 
TXDV,YAHOO/TSX_TXDV_TO,S&P/TSX Cdn Div Aristocrats 
TXEC,YAHOO/TSX_TXEC_TO,TSX Equity Capped Index 
TXEI,YAHOO/TSX_TXEI_TO,S&P/TSX Equity Income Index 
TXEQ,YAHOO/TSX_TXEQ_TO,TSX Equity Index 
TXEW,YAHOO/TSX_TXEW_TO,S&P/TSX 60 Equal Weight Index 
TXF,YAHOO/TSX_TXF_A_TO,Tech Giants Covered Call Cl A ETF 
TXF,YAHOO/TSX_TXF_TO,Tech Giants Covered Call ETF 
TXG,YAHOO/TSX_TXG_TO,Torex Gold Resources Inc 
TXGM,YAHOO/TSX_TXGM_TO,S&P/TSX Global Mining Index 
TXHB,YAHOO/TSX_TXHB_TO,TSX Composite High Beta Index 
TXL,YAHOO/TSX_TXL_TO,Tesla Exploration Ltd 
TXLS,YAHOO/TSX_TXLS_TO,S&P/TSX 60 130/30 Strategy Index 
TXLV,YAHOO/TSX_TXLV_TO,TSX Composite Low Volatility 
TXMC,YAHOO/TSX_TXMC_TO,S&P/TSX Megacap Index 
TXOE,YAHOO/TSX_TXOE_TO,S&P/TSX Equal Weight Oil & Gas Index 
TXP,YAHOO/TSX_TXP_TO,Touchstone Exploration Inc.
TXPR,YAHOO/TSX_TXPR_TO,S&P/Tsxpreferred Share Index 
TXSI,YAHOO/TSX_TXSI_TO,S&P/TSX 60 Shariah Index 
TZS,YAHOO/TSX_TZS_TO,Trez Capital Senior Investment Corporation
TZZ,YAHOO/TSX_TZZ_TO,Trez Cap Mtg Invt Corp Com Npv 
U,YAHOO/TSX_U_TO,Uranium Participation Corp. 
UEX,YAHOO/TSX_UEX_TO,Uex Corp 
UF,YAHOO/TSX_UF_UN_TO,Uranium Focused Energy Fund 
UFS,YAHOO/TSX_UFS_TO,Domtar Corporation 
UFX,YAHOO/TSX_UFX_TO,Domtar [Canada] Paper Inc. 
UHB,YAHOO/TSX_UHB_TO,Pwrshrs Sp500 High Beta CAD Hdg Idx ETF 
ULV,YAHOO/TSX_ULV_TO,Powershares Sp500 Low Volatility ETF 
UMJ,YAHOO/TSX_UMJ_TO,Ursa Major Minerals Incorporated 
UNC,YAHOO/TSX_UNC_TO,United Corp Ltd 
UNS,YAHOO/TSX_UNS_TO,Uni Select Inc 
UR,YAHOO/TSX_UR_TO,UrtheCast Corp.
URB,YAHOO/TSX_URB_A_TO,Urbana Corporation Cl A 
URB,YAHOO/TSX_URB_TO,Urbana Corporation 
URE,YAHOO/TSX_URE_TO,Ur-Energy Inc. 
URZ,YAHOO/TSX_URZ_TO,Uranerz Energy Corporation 
USA,YAHOO/TSX_USA_TO,U.S. Silver Corporation 
USC,YAHOO/TSX_USC_TO,United Silver Corp 
USH,YAHOO/TSX_USH_UN_TO,U.S. Housing Recovery Fund
USM,YAHOO/TSX_USM_UN_TO,U.S. Agency Mortgage Backed REIT
UST,YAHOO/TSX_UST_UN_TO,Utility Split Trust 
UTC,YAHOO/TSX_UTC_C_TO,Utility Corp Cl C 
UUU,YAHOO/TSX_UUU_TO,Uranium One Inc. 
UWE,YAHOO/TSX_UWE_TO,U308 Corp.
UXE,YAHOO/TSX_UXE_TO,US Gold Canadian Acquistion Corporation 
UXM,YAHOO/TSX_UXM_A_TO,XTF Morningstar US Div Tgt 50 AC ETF 
UXM,YAHOO/TSX_UXM_TO,XTF Morningstar US Div Tgt 50 ETF 
VAB,YAHOO/TSX_VAB_TO,Vanguard Cdn Aggregate Bond Index ETF 
VCE,YAHOO/TSX_VCE_TO,Vanguard MSCI Canada Index ETF 
VCM,YAHOO/TSX_VCM_TO,Vecima Networks Inc. 
VEE,YAHOO/TSX_VEE_TO,Vanguard MSCI Emg Mkts Index ETF 
VEF,YAHOO/TSX_VEF_TO,Vanguard MSCI EAFE Index ETF Cad-Hedged 
VEM,YAHOO/TSX_VEM_TO,Vena Resources Inc. 
VET,YAHOO/TSX_VET_TO,Vermilion Energy Inc 
VFF,YAHOO/TSX_VFF_TO,Village Farms International Inc 
VGQ,YAHOO/TSX_VGQ_TO,Virginia Mines Inc. 
VGZ,YAHOO/TSX_VGZ_TO,Vista Gold Corp 
VIC,YAHOO/TSX_VIC_TO,Vicwest Inc. 
VII,YAHOO/TSX_VII_TO,Seven Generations Energy Ltd.
VIP,YAHOO/TSX_VIP_UN_TO,Aston Hill Vip Income Fund 
VIX,YAHOO/TSX_VIX_TO,Ipath Sp500 VIX ST Fut CAD Hdg ETN 
VIXC,YAHOO/TSX_VIXC_TO,TSX 60 VIX 
VLC,YAHOO/TSX_VLC_TO,Velocity Minerals Ltd. 
VLE,YAHOO/TSX_VLE_TO,Valeura Energy Inc 
VLN,YAHOO/TSX_VLN_TO,Velan Inc. Sv 
VNP,YAHOO/TSX_VNP_TO,5N Plus Inc. 
VNR,YAHOO/TSX_VNR_TO,Valener Inc 
VRO,YAHOO/TSX_VRO_TO,Vero Energy Inc. 
VRX,YAHOO/TSX_VRX_TO,Valeant Pharmaceuticals Intl Inc 
VSB,YAHOO/TSX_VSB_TO,Vanguard Cdn Short-Term Bond Index ETF 
VSN,YAHOO/TSX_VSN_TO,Veresen Inc. 
VT,YAHOO/TSX_VT_TO,Viterra Inc. 
VTN,YAHOO/TSX_VTN_TO,Vitran Corp. Inc 
VTR,YAHOO/TSX_VTR_TO,Volta Resources Inc. 
VUS,YAHOO/TSX_VUS_TO,Vanguard MSCI US Brd Mkt Idx ETF Cad-Hdg 
VVX,YAHOO/TSX_VVX_TO,Voodoovox Inc 
VXS,YAHOO/TSX_VXS_TO,ViXS Systems Inc.
VXSC,YAHOO/TSX_VXSC_TO,TSX Venture Select Index 
VXTC,YAHOO/TSX_VXTC_TO,S&P/TSX Venture 30 Index 
VXTU,YAHOO/TSX_VXTU_TO,S&P/TSX Venture 30 USD Index 
VXX,YAHOO/TSX_VXX_TO,Ipath Sp 500 VIX Short Term Fut ETN 
WB,YAHOO/TSX_WB_TO,Whistler Blackcomb Holdings Inc 
WCM,YAHOO/TSX_WCM_A_TO,Wilmington Capital Mgmt Inc. Cl.A Nv 
WCM,YAHOO/TSX_WCM_B_TO,Wilmington Capital Management I 
WCP,YAHOO/TSX_WCP_TO,Whitecap Resources Inc 
WCS,YAHOO/TSX_WCS_A_TO,Wescast Industries Inc. Cl.A Sv 
WDN,YAHOO/TSX_WDN_TO,Waldron Energy Corporation 
WDO,YAHOO/TSX_WDO_TO,Wesdome Gold Mines Ltd. 
WED,YAHOO/TSX_WED_TO,Westaim Corp 
WEF,YAHOO/TSX_WEF_TO,Western Forest Products Inc. 
WEQ,YAHOO/TSX_WEQ_UN_TO,Westernone Equity Income Fund Units 
WEW,YAHOO/TSX_WEW_TO,Webtech Wireless Inc. 
WFC,YAHOO/TSX_WFC_TO,Wall Financial Corp.
WFE,YAHOO/TSX_WFE_TO,Westfire Energy Ltd. 
WFI,YAHOO/TSX_WFI_TO,Waterfurnace Renewable Energy Inc. 
WFS,YAHOO/TSX_WFS_TO,World Financial Split Corp 
WFT,YAHOO/TSX_WFT_TO,West Fraser Timber 
WG,YAHOO/TSX_WG_TO,Wgi Heavy Minerals Inc 
WGR,YAHOO/TSX_WGR_TO,Witwatersrand Consolidated Gold Res Ltd 
WIN,YAHOO/TSX_WIN_TO,Wi-Lan Inc 
WIX,YAHOO/TSX_WIX_TO,Winstar Resources Ltd. 
WJA,YAHOO/TSX_WJA_A_TO,Westjet Airlines Ltd. Rv 
WJA,YAHOO/TSX_WJA_TO,Westjet Airlines Ltd. 
WJX,YAHOO/TSX_WJX_TO,Wajax Corporation 
WLC,YAHOO/TSX_WLC_TO,Western Lithium USA Corp 
WLT,YAHOO/TSX_WLT_TO,Walter Energy Inc 
WM,YAHOO/TSX_WM_TO,Wallbridge Mng J 
WN,YAHOO/TSX_WN_TO,Weston George 
WPK,YAHOO/TSX_WPK_TO,Winpak Ltd 
WPT,YAHOO/TSX_WPT_TO,Westport Innovations Inc. 
WPX,YAHOO/TSX_WPX_TO,Western Potash Corp 
WRG,YAHOO/TSX_WRG_TO,Western Energy Services Corp 
WRN,YAHOO/TSX_WRN_TO,Western Copper Corporation 
WRX,YAHOO/TSX_WRX_TO,Wireless Matrix J 
WS,YAHOO/TSX_WS_TO,Wildcat Silver Corporation 
WSA,YAHOO/TSX_WSA_TO,Western Areas Nl 
WSP,YAHOO/TSX_WSP_TO,WSP Global Inc.
WTE,YAHOO/TSX_WTE_TO,Westshore Terminals Inv Corp 
WTG,YAHOO/TSX_WTG_TO,White Tiger Gold Ltd. 
WXM,YAHOO/TSX_WXM_A_TO,F A Morningstar Cda Momentum Id 
WXM,YAHOO/TSX_WXM_TO,XTF Morningstar CAD Momentum Idx ETF 
WZL,YAHOO/TSX_WZL_TO,Wenzel Downhole 
X,YAHOO/TSX_X_TO,Tmx Group Inc. / Groupe Tmx Inc. 
XAL,YAHOO/TSX_XAL_TO,Ishares Alternatives Comp. Port. Fund 
XBB,YAHOO/TSX_XBB_TO,Ishares Dex Universe Bond Index Fund 
XBC,YAHOO/TSX_XBC_TO,Xebec Adsorption Inc. 
XBM,YAHOO/TSX_XBM_TO,Ishares Sp TSX Global Base Metals Idx Fd 
XBZ,YAHOO/TSX_XBZ_TO,Ishares MSCI Brazil Index Fund 
XCB,YAHOO/TSX_XCB_TO,Ishares Dex All Corp Bond Idx Fund 
XCG,YAHOO/TSX_XCG_TO,Ishares DOW Cda Select Gwth Index Fd 
XCH,YAHOO/TSX_XCH_TO,Ishares China Index Fund 
XCR,YAHOO/TSX_XCR_TO,Ishares Conservative Core Port. Fund 
XCS,YAHOO/TSX_XCS_TO,Ishares Sp TSX Smallcap Index Fund 
XCV,YAHOO/TSX_XCV_TO,Ishares DOW Cda Select Value Index Fd 
XDC,YAHOO/TSX_XDC_TO,Xtreme Coil Drilling Corp. 
XDV,YAHOO/TSX_XDV_TO,Ishares DOW Cda Select Div Fd 
XEB,YAHOO/TSX_XEB_TO,Ishares JP Morgan USD Emkt Bond Idx Fd 
XEG,YAHOO/TSX_XEG_TO,Ishares Sp TSX Capped Energy Index Fd 
XEI,YAHOO/TSX_XEI_TO,Ishares Sp TSX Equity Income Idx Fd 
XEM,YAHOO/TSX_XEM_TO,Ishares MSCI Emerging Mkts Idx Fd 
XEN,YAHOO/TSX_XEN_TO,Ishares Jantzi Social Index Fund 
XFN,YAHOO/TSX_XFN_TO,Ishares Sp TSX Capped Fin Index Fd 
XFR,YAHOO/TSX_XFR_TO,Ishares Dex Float Rate Note Idx Fd 
XG,YAHOO/TSX_XG_TO,Extorre Gold Mines Limited 
XGB,YAHOO/TSX_XGB_TO,Ishares Dex All Govt Bond Idx Fd 
XGC,YAHOO/TSX_XGC_TO,Ishares Global Comp. Port. Fund 
XGD,YAHOO/TSX_XGD_TO,Ishares Sp TSX Global Gold Index Fund 
XGR,YAHOO/TSX_XGR_TO,Ishares Growth Core Port. Fund 
XHB,YAHOO/TSX_XHB_TO,Ishares Dex Hybrid Bond Index Fund 
XHC,YAHOO/TSX_XHC_TO,Ishares Sp Global Healthcare Idx Fd 
XHG,YAHOO/TSX_XHG_TO,Star Hedge Managers Corp II 
XHM,YAHOO/TSX_XHM_A_TO,Star Hedge Managers Corp. Cl.A 
XHY,YAHOO/TSX_XHY_TO,Ishares US High Yield Bond Index Fund 
XIC,YAHOO/TSX_XIC_TO,Ishares Capped Comp Index Fund 
XID,YAHOO/TSX_XID_TO,Ishares Sp Cnx Nifty India Index Fund 
XIG,YAHOO/TSX_XIG_TO,Ishares US Ig Corporate Bond Index Fund 
XIN,YAHOO/TSX_XIN_TO,Ishares MSCI EAFE Idx Fd CAD Hedged 
XIT,YAHOO/TSX_XIT_TO,Ishares Sp TSX Capped It Index Fd 
XIU,YAHOO/TSX_XIU_TO,Ishares Sp TSX 60 Index Fund 
XLA,YAHOO/TSX_XLA_TO,Ishares Sp Latin America 40 Index Fund 
XLB,YAHOO/TSX_XLB_TO,Ishares Dex Long Term Bond Idx Fd 
XMA,YAHOO/TSX_XMA_TO,Ishares Sp TSX Capped Materials Index Fd 
XMC,YAHOO/TSX_XMC_TO,Xceed Mortgage Corp 
XMD,YAHOO/TSX_XMD_TO,Ishares Sp TSX Completion Index Fund 
XMF,YAHOO/TSX_XMF_A_TO,M Split Corp. Capital Shares 201
XMM,YAHOO/TSX_XMM_TO,Ishares MSCI Emerging Mkts Min 
XMU,YAHOO/TSX_XMU_TO,Ishares MSCI USA Min Vol Idx 
XMV,YAHOO/TSX_XMV_TO,Ishares MSCI CAD Min Vol Idx 
XMW,YAHOO/TSX_XMW_TO,Ishares MSCI All Country Wld Mi 
XPF,YAHOO/TSX_XPF_TO,Ishares Na Preferred Stock Idx Fd 
XQQ,YAHOO/TSX_XQQ_TO,Ishares Nasdaq 100 Index Fd CAD ETF 
XRB,YAHOO/TSX_XRB_TO,Ishares Dex Real Return Bond Idx Fd 
XRC,YAHOO/TSX_XRC_TO,Exeter Resource Corporation 
XRE,YAHOO/TSX_XRE_TO,Ishares Sp TSX Capped REIT Index Fd 
XRG,YAHOO/TSX_XRG_TO,Xinergy Ltd. 
XSB,YAHOO/TSX_XSB_TO,Ishares Dex Short Term Bond Idx Fund 
XSH,YAHOO/TSX_XSH_TO,Ishares Dex ST Corp Maple Fund 
XSP,YAHOO/TSX_XSP_TO,Ishares Sp 500 Idx Fd CAD Hedged 
XSR,YAHOO/TSX_XSR_TO,Canadian Satellite Radio Holdings Inc Sv 
XST,YAHOO/TSX_XST_TO,Ishares Sp TSX Capped Cons Stpl Idx Fd 
XSU,YAHOO/TSX_XSU_TO,Ishares Russell 2000 Idx Fd CAD Hedged 
XTC,YAHOO/TSX_XTC_TO,Exco Tech 
XTD,YAHOO/TSX_XTD_TO,Tdb Split Corp. Class A Shares 
XTG,YAHOO/TSX_XTG_TO,Xtra Gold Resources Corp 
XTR,YAHOO/TSX_XTR_TO,Ishares Diversified Monthly Income Fund 
XUT,YAHOO/TSX_XUT_TO,Ishares Sp TSX Capped Utilities Idx Fd 
XVX,YAHOO/TSX_XVX_TO,Ishares Sp TSX Venture Index Fund 
XWD,YAHOO/TSX_XWD_TO,Ishares MSCI World Index Fund 
XYM,YAHOO/TSX_XYM_TO,Star Portfolio Corp. 
Y,YAHOO/TSX_Y_TO,Yellow Media Limited
YCM,YAHOO/TSX_YCM_TO,Commerce Split Corp Capital Shares 
YCM,YAHOO/TSX_YCM_X_TO,Commerce Split Corp Cl A 2010 
YGR,YAHOO/TSX_YGR_TO,Yangarra Resources Ltd.
YLO,YAHOO/TSX_YLO_TO,Yellow Media Inc. 
YM,YAHOO/TSX_YM_TO,Ym Biosciences Inc 
YMI,YAHOO/TSX_YMI_TO,Yellowhead Mining Inc. 
YNG,YAHOO/TSX_YNG_TO,Yukon-Nevada Gold Corp. 
YP,YAHOO/TSX_YP_UN_TO,Yieldplus Income Fund
YRB,YAHOO/TSX_YRB_A_TO,Yorbeau Res A J 
YRI,YAHOO/TSX_YRI_TO,Yamana Gold Inc 
ZAG,YAHOO/TSX_ZAG_TO,Bmo Aggregate Bond Index ETF 
ZAR,YAHOO/TSX_ZAR_TO,Zargon Oil And Gas Ltd. 
ZAZ,YAHOO/TSX_ZAZ_TO,Zazu Metals Corporation Common Shrs 
ZAZ,YAHOO/TSX_ZAZ_WT_TO,Zazu Metals Corporation Warrants 
ZCA,YAHOO/TSX_ZCA_TO,Bmo Agriculture Commodities Index ETF 
ZCB,YAHOO/TSX_ZCB_TO,Bmo Base Metals Commodities Index ETF 
ZCE,YAHOO/TSX_ZCE_TO,Bmo Energy Commodities Index ETF 
ZCH,YAHOO/TSX_ZCH_TO,Bmo China Equity Hedged To CAD Index ETF 
ZCL,YAHOO/TSX_ZCL_TO,Zcl Composites 
ZCM,YAHOO/TSX_ZCM_TO,Bmo Mid Corporate Bond Index ETF 
ZCN,YAHOO/TSX_ZCN_TO,Bmo DOW Jones Cda Titans 60 Index ETF 
ZCP,YAHOO/TSX_ZCP_TO,Bmo Precious Metals Comm Idx ETF 
ZCS,YAHOO/TSX_ZCS_TO,Bmo Short Corp Bond Index ETF 
ZDJ,YAHOO/TSX_ZDJ_TO,Bmo DJIA Hedged To CAD Index ETF 
ZDM,YAHOO/TSX_ZDM_TO,Bmo Intl Equity Hedged To CAD Index ETF 
ZDV,YAHOO/TSX_ZDV_TO,Bmo Canadian Dividend ETF 
ZEB,YAHOO/TSX_ZEB_TO,Bmo Sp TSX Equal Weight Banks Index ETF 
ZEF,YAHOO/TSX_ZEF_TO,Bmo Emg Mkt Bond Hdgd To CAD Idx ETF 
ZEM,YAHOO/TSX_ZEM_TO,Bmo Emerging Markets Equity Index ETF 
ZEO,YAHOO/TSX_ZEO_TO,Bmo Sp TSX Eql Weight Oil Gas Index ETF 
ZFL,YAHOO/TSX_ZFL_TO,Bmo Long Fed Bond Index ETF 
ZFM,YAHOO/TSX_ZFM_TO,Bmo Mid Federal Bond Index ETF 
ZFS,YAHOO/TSX_ZFS_TO,Bmo Short Federal Bond Index ETF 
ZGI,YAHOO/TSX_ZGI_TO,Bmo Global Infrastructure Index ETF 
ZHY,YAHOO/TSX_ZHY_TO,Bmo High Yld US Corp Bnd Hdg CAD Idx ETF 
ZID,YAHOO/TSX_ZID_TO,Bmo India Equity Hedged To CAD Index ETF 
ZJG,YAHOO/TSX_ZJG_TO,Bmo Junior Gold Index ETF 
ZJN,YAHOO/TSX_ZJN_TO,Bmo Junior Gas Index ETF 
ZJO,YAHOO/TSX_ZJO_TO,Bmo Junior Oil Index ETF 
ZLB,YAHOO/TSX_ZLB_TO,Bmo Low Volatility CAD Equity ETF 
ZLC,YAHOO/TSX_ZLC_TO,Bmo Long Corporate Bond Index ETF 
ZMI,YAHOO/TSX_ZMI_TO,Bmo Monthly Income ETF 
ZMT,YAHOO/TSX_ZMT_TO,Bmo Sptsx Eql Wgt Glb Metal Hed CAD ETF 
ZNC,YAHOO/TSX_ZNC_TO,Zincore Metals Inc. 
ZPP,YAHOO/TSX_ZPP_TO,Zongshen Pem Power Systems Inc 
ZPS,YAHOO/TSX_ZPS_TO,Bmo Short Provincial Bond Index ETF 
ZQQ,YAHOO/TSX_ZQQ_TO,Bmo Nasdaq 100 Hedged To CAD Index ETF 
ZRE,YAHOO/TSX_ZRE_TO,Bmo Equal Weight Reits Index ETF 
ZRR,YAHOO/TSX_ZRR_TO,Bmo Real Return Bond Index ETF 
ZUB,YAHOO/TSX_ZUB_TO,Bmo Eql Wgt US Bank Hdgd To CAD Idx ETF 
ZUE,YAHOO/TSX_ZUE_TO,Bmo US Equity Hedged To CAD Index ETF 
ZUH,YAHOO/TSX_ZUH_TO,Bmo Eql Wgt US Hcare Hdgd To CAD Idx ETF 
ZUT,YAHOO/TSX_ZUT_TO,Bmo Equal Weight Utilities Index ETF 
ZWA,YAHOO/TSX_ZWA_TO,Bmo Covered Call DJIA CAD ETF 
ZWB,YAHOO/TSX_ZWB_TO,Bmo Covered Call Canadian Banks ETF 
ZWU,YAHOO/TSX_ZWU_TO,Bmo Covered Call Utilities ETF 
ZXA,YAHOO/TSX_ZXA_TO,Bmo 2013 Corp Bond Target Mat ETF 
ZXB,YAHOO/TSX_ZXB_TO,Bmo 2015 Corp Bond Target Mat ETF 
ZXC,YAHOO/TSX_ZXC_TO,Bmo 2020 Corp Bond Target Mat ETF 
ZXD,YAHOO/TSX_ZXD_TO,Bmo 2025 Corp Bd Tgt Mat ETF